"acc"	"lineage"	"cross_references"	"collection_date"	"country"	"center_name"	"host"	"TAXON"	"coverage"	"phylogeny"	"who"
""	"B.1.1"	""	"20200406"	"Japan"	""	"Homo sapiens"	"2697049"	"99.99664"	""	""
""	"B.1.1.285"	""	"20200406"	"Japan"	""	"Homo sapiens"	"2697049"	"99.99664"	""	""
""	"B.1.1.285"	""	"20200406"	"Japan"	""	"Homo sapiens"	"2697049"	"99.9127"	""	""
""	"B.1.1.285"	""	"20200406"	"Japan"	""	"Homo sapiens"	"2697049"	"99.264656"	""	""
""	"B.1.1.285"	""	"20200406"	"Japan"	""	"Homo sapiens"	"2697049"	"100.0"	""	""
""	"B.1.1.285"	""	"20200406"	"Japan"	""	"Homo sapiens"	"2697049"	"99.90934"	""	""
""	"B.1.1.285"	""	"20200406"	"Japan"	""	"Homo sapiens"	"2697049"	"100.0"	""	""
""	"B.1.1.285"	""	"20200406"	"Japan"	""	"Homo sapiens"	"2697049"	"99.250984"	""	""
""	"B.1.1.285"	""	"20200408"	"Japan"	""	"Homo sapiens"	"2697049"	"99.26801"	""	""
""	"B.1.1"	""	"20200409"	"Japan"	""	"Homo sapiens"	"2697049"	"100.0"	""	""
""	"B.1.1.285"	""	"20200410"	"Japan"	""	"Homo sapiens"	"2697049"	"99.90544"	""	""
""	"B.1.1.285"	""	"20200410"	"Japan"	""	"Homo sapiens"	"2697049"	"99.26801"	""	""
""	"B.12"	""	"20200411"	"Senegal"	""	"Homo sapiens"	"2697049"	"99.936195"	""	""
""	"B.12"	""	"20200413"	"Senegal"	""	"Homo sapiens"	"2697049"	"96.924"	""	""
""	"B.1.1.285"	""	"20200413"	"Senegal"	""	"Homo sapiens"	"2697049"	"98.81136"	""	""
""	"B.12"	""	"20200414"	"Senegal"	""	"Homo sapiens"	"2697049"	"95.60093"	""	""
""	"B.1.1"	""	"20200414"	"Senegal"	""	"Homo sapiens"	"2697049"	"100.0"	""	""
""	"B.1.1"	""	"20200416"	"Senegal"	""	"Homo sapiens"	"2697049"	"99.98321"	""	""
""	"B.1.1"	""	"20200416"	"Senegal"	""	"Homo sapiens"	"2697049"	"99.99664"	""	""
""	"B.1.1"	""	"20200420"	"Senegal"	""	"Homo sapiens"	"2697049"	"98.344635"	""	""
""	"B.1.1.285"	""	"20200422"	"Senegal"	""	"Homo sapiens"	"2697049"	"99.26801"	""	""
""	"B.1.1"	""	"20200325"	"Senegal"	""	"Homo sapiens"	"2697049"	"100.0"	""	""
""	"B.1.1"	""	"20200424"	"Senegal"	""	"Homo sapiens"	"2697049"	"100.0"	""	""
""	"B.12"	""	"20200327"	"Senegal"	""	"Homo sapiens"	"2697049"	"100.0"	""	""
""	"B.1.1"	""	"20200501"	"Senegal"	""	"Homo sapiens"	"2697049"	"100.0"	""	""
""	"B.1.1"	""	"20200501"	"Senegal"	""	"Homo sapiens"	"2697049"	"99.99664"	""	""
""	"B.1.1"	""	"20200401"	"Japan"	""	"Homo sapiens"	"2697049"	"99.99664"	""	""
""	"B.1.1.285"	""	"20200503"	"Japan"	""	"Homo sapiens"	"2697049"	"99.986565"	""	""
""	"B.1.1"	""	"20200507"	"Japan"	""	"Homo sapiens"	"2697049"	"100.0"	""	""
""	"B.1.1"	""	"20200507"	"Japan"	""	"Homo sapiens"	"2697049"	"100.0"	""	""
""	"B.1.1.285"	""	"20200403"	"Japan"	""	"Homo sapiens"	"2697049"	"100.0"	""	""
""	"B.1.1"	""	"20200511"	"Japan"	""	"Homo sapiens"	"2697049"	"100.0"	""	""
""	"B.1.1"	""	"20200514"	"Japan"	""	"Homo sapiens"	"2697049"	"100.0"	""	""
""	"B.12"	""	"20200415"	"Japan"	""	"Homo sapiens"	"2697049"	"100.0"	""	""
""	"B.1.1.284"	""	"20200530"	"Japan"	""	"Homo sapiens"	"2697049"	"100.0"	""	""
""	"B.1.1.284"	""	"20200610"	"Japan"	""	"Homo sapiens"	"2697049"	"100.0"	""	""
""	"B.1.1.284"	""	"20200611"	"Japan"	""	"Homo sapiens"	"2697049"	"99.99664"	""	""
""	"B.1.1.284"	""	"20200613"	"Japan"	""	"Homo sapiens"	"2697049"	"100.0"	""	""
""	"B.1.1.284"	""	"20200613"	"Japan"	""	"Homo sapiens"	"2697049"	"100.0"	""	""
""	"B.1.1.284"	""	"20200620"	"Japan"	""	"Homo sapiens"	"2697049"	"100.0"	""	""
""	"B.1.1.284"	""	"20200622"	"Japan"	""	"Homo sapiens"	"2697049"	"100.0"	""	""
""	"B.1.1.284"	""	"20200629"	"Japan"	""	"Homo sapiens"	"2697049"	"99.99329"	""	""
""	"B.1.1.284"	""	"20200630"	"Japan"	""	"Homo sapiens"	"2697049"	"99.98994"	""	""
""	"B.1.1.284"	""	"20200630"	"Japan"	""	"Homo sapiens"	"2697049"	"99.93289"	""	""
""	"B.1.1.284"	""	"20200701"	"Japan"	""	"Homo sapiens"	"2697049"	"100.0"	""	""
""	"B.1.1.284"	""	"20200706"	"Japan"	""	"Homo sapiens"	"2697049"	"100.0"	""	""
""	"B.1.1.284"	""	"20200706"	"Japan"	""	"Homo sapiens"	"2697049"	"100.0"	""	""
""	"B.1.1.284"	""	"20200706"	"Japan"	""	"Homo sapiens"	"2697049"	"99.99664"	""	""
""	"B.1.1.284"	""	"20200707"	"Japan"	""	"Homo sapiens"	"2697049"	"100.0"	""	""
""	"B.1.1.284"	""	"20200708"	"Japan"	""	"Homo sapiens"	"2697049"	"100.0"	""	""
""	"B.1.1.284"	""	"20200711"	"Japan"	""	"Homo sapiens"	"2697049"	"100.0"	""	""
""	"B.1.1.284"	""	"20200713"	"Japan"	""	"Homo sapiens"	"2697049"	"100.0"	""	""
""	"B.1.1.284"	""	"20200715"	"Japan"	""	"Homo sapiens"	"2697049"	"99.99664"	""	""
""	"B.1.1.284"	""	"20200716"	"Japan"	""	"Homo sapiens"	"2697049"	"99.99664"	""	""
""	"B.1.1.284"	""	"20200720"	"Japan"	""	"Homo sapiens"	"2697049"	"100.0"	""	""
""	"B.1.1.284"	""	"20200720"	"Japan"	""	"Homo sapiens"	"2697049"	"100.0"	""	""
""	"B.1.1.284"	""	"20200721"	"Japan"	""	"Homo sapiens"	"2697049"	"100.0"	""	""
""	"B.1.1.284"	""	"20200721"	"Japan"	""	"Homo sapiens"	"2697049"	"100.0"	""	""
""	"B.1.1.284"	""	"20200722"	"Japan"	""	"Homo sapiens"	"2697049"	"100.0"	""	""
""	"B.1.1.214"	""	"20200724"	"Japan"	""	"Homo sapiens"	"2697049"	"100.0"	""	""
""	"B.1.1.284"	""	"20200724"	"Japan"	""	"Homo sapiens"	"2697049"	"99.93962"	""	""
""	"B.1.1.214"	""	"20200725"	"Japan"	""	"Homo sapiens"	"2697049"	"100.0"	""	""
""	"B.1.1.284"	""	"20200727"	"Japan"	""	"Homo sapiens"	"2697049"	"99.99664"	""	""
""	"B.1.1.284"	""	"20200727"	"Japan"	""	"Homo sapiens"	"2697049"	"100.0"	""	""
""	"B.1.1.284"	""	"20200727"	"Japan"	""	"Homo sapiens"	"2697049"	"100.0"	""	""
""	"B.1.1.284"	""	"20200727"	"Japan"	""	"Homo sapiens"	"2697049"	"100.0"	""	""
""	"B.1.1.284"	""	"20200728"	"Japan"	""	"Homo sapiens"	"2697049"	"99.99664"	""	""
""	"B.1.1.284"	""	"20200729"	"Japan"	""	"Homo sapiens"	"2697049"	"100.0"	""	""
""	"B.1.1.284"	""	"20200730"	"Japan"	""	"Homo sapiens"	"2697049"	"100.0"	""	""
""	"B.1.1.284"	""	"20200731"	"Japan"	""	"Homo sapiens"	"2697049"	"99.99329"	""	""
""	"B.1.1.284"	""	"20200801"	"Japan"	""	"Homo sapiens"	"2697049"	"100.0"	""	""
""	"B.1.1.214"	""	"20200801"	"Japan"	""	"Homo sapiens"	"2697049"	"100.0"	""	""
""	"B.1.1.284"	""	"20200803"	"Japan"	""	"Homo sapiens"	"2697049"	"99.99664"	""	""
""	"B.1.1.284"	""	"20200803"	"Japan"	""	"Homo sapiens"	"2697049"	"100.0"	""	""
""	"B.1.1.214"	""	"20200803"	"Japan"	""	"Homo sapiens"	"2697049"	"100.0"	""	""
""	"B.1.1.284"	""	"20200803"	"Japan"	""	"Homo sapiens"	"2697049"	"99.99664"	""	""
""	"B.1.1.284"	""	"20200804"	"Japan"	""	"Homo sapiens"	"2697049"	"100.0"	""	""
""	"B.1.1.214"	""	"20200804"	"Japan"	""	"Homo sapiens"	"2697049"	"100.0"	""	""
""	"B.1.1.284"	""	"20200804"	"Japan"	""	"Homo sapiens"	"2697049"	"100.0"	""	""
""	"B.1.1.214"	""	"20200805"	"Japan"	""	"Homo sapiens"	"2697049"	"100.0"	""	""
""	"B.1.1.284"	""	"20200809"	"Japan"	""	"Homo sapiens"	"2697049"	"100.0"	""	""
""	"B.1.1.284"	""	"20200811"	"Japan"	""	"Homo sapiens"	"2697049"	"100.0"	""	""
""	"B.1.1.284"	""	"20200816"	"Japan"	""	"Homo sapiens"	"2697049"	"100.0"	""	""
""	"B.1.1.284"	""	"20200816"	"Japan"	""	"Homo sapiens"	"2697049"	"99.99664"	""	""
""	"B.1.1.284"	""	"20200817"	"Japan"	""	"Homo sapiens"	"2697049"	"100.0"	""	""
""	"B.1.1.284"	""	"20200819"	"Japan"	""	"Homo sapiens"	"2697049"	"100.0"	""	""
""	"B.1.1.214"	""	"20200820"	"Japan"	""	"Homo sapiens"	"2697049"	"100.0"	""	""
""	"B.1.1.284"	""	"20200825"	"Japan"	""	"Homo sapiens"	"2697049"	"100.0"	""	""
""	"B.1.1.284"	""	"20200827"	"Japan"	""	"Homo sapiens"	"2697049"	"100.0"	""	""
""	"B.1.346"	""	"20201101"	"Japan"	""	"Homo sapiens"	"2697049"	"99.3721"	""	""
""	"B.1.1.284"	""	"20201012"	"Japan"	""	"Homo sapiens"	"2697049"	"100.0"	""	""
""	"B.1.1.284"	""	"20201012"	"Japan"	""	"Homo sapiens"	"2697049"	"100.0"	""	""
""	"B.1.1.284"	""	"20201012"	"Japan"	""	"Homo sapiens"	"2697049"	"100.0"	""	""
""	"B.1.1.284"	""	"20201012"	"Japan"	""	"Homo sapiens"	"2697049"	"100.0"	""	""
""	"B.1.1.284"	""	"20201012"	"Japan"	""	"Homo sapiens"	"2697049"	"100.0"	""	""
""	"B.1.1.284"	""	"20201012"	"Japan"	""	"Homo sapiens"	"2697049"	"100.0"	""	""
""	"B.1.1.284"	""	"20201019"	"Japan"	""	"Homo sapiens"	"2697049"	"100.0"	""	""
""	"B.1.1.214"	""	"20201027"	"Japan"	""	"Homo sapiens"	"2697049"	"99.99664"	""	""
""	"B.1.1.214"	""	"20201105"	"Japan"	""	"Homo sapiens"	"2697049"	"99.993286"	""	""
""	"B.1.1.214"	""	"20201104"	"Japan"	""	"Homo sapiens"	"2697049"	"100.0"	""	""
""	"B.1.1.284"	""	"20201118"	"Japan"	""	"Homo sapiens"	"2697049"	"100.0"	""	""
""	"B.1.1.214"	""	"20201118"	"Japan"	""	"Homo sapiens"	"2697049"	"99.31167"	""	""
""	"B.1.1.214"	""	"20201114"	"Japan"	""	"Homo sapiens"	"2697049"	"100.0"	""	""
""	"B.1.1.214"	""	"20201111"	"Japan"	""	"Homo sapiens"	"2697049"	"100.0"	""	""
""	"B.1.1.214"	""	"20200908"	"Japan"	""	"Homo sapiens"	"2697049"	"100.0"	""	""
""	"B.1.1.284"	""	"20200907"	"Japan"	""	"Homo sapiens"	"2697049"	"100.0"	""	""
""	"B.1.1.284"	""	"20200916"	"Japan"	""	"Homo sapiens"	"2697049"	"100.0"	""	""
""	"B.1.1.284"	""	"20200918"	"Japan"	""	"Homo sapiens"	"2697049"	"100.0"	""	""
""	"B.1.1.214"	""	"20200915"	"Japan"	""	"Homo sapiens"	"2697049"	"99.99664"	""	""
""	"B.1.1.214"	""	"20200923"	"Japan"	""	"Homo sapiens"	"2697049"	"100.0"	""	""
""	"B.1.1.214"	""	"20200922"	"Japan"	""	"Homo sapiens"	"2697049"	"100.0"	""	""
""	"B.1.1.284"	""	"20200929"	"Japan"	""	"Homo sapiens"	"2697049"	"100.0"	""	""
""	"B.1.1.284"	""	"20201007"	"Japan"	""	"Homo sapiens"	"2697049"	"100.0"	""	""
""	"B.1.1.284"	""	"20201007"	"Japan"	""	"Homo sapiens"	"2697049"	"100.0"	""	""
""	"B.1.1.284"	""	"20201008"	"Japan"	""	"Homo sapiens"	"2697049"	"100.0"	""	""
""	"B.1.1.284"	""	"20201006"	"Uganda"	""	"Homo sapiens"	"2697049"	"100.0"	""	""
""	"B.1.1.284"	""	"20201007"	"India"	""	"Homo sapiens"	"2697049"	"100.0"	""	""
""	"B.1.1.284"	""	"20201015"	"India"	""	"Homo sapiens"	"2697049"	"99.99664"	""	""
""	"B.1.1.284"	""	"20201110"	"Uganda"	""	"Homo sapiens"	"2697049"	"100.0"	""	""
""	"B.1.1.214"	""	"20201116"	"Japan"	""	"Homo sapiens"	"2697049"	"99.1102"	""	""
""	"B.1.1.284"	""	"20201118"	"Japan"	""	"Homo sapiens"	"2697049"	"100.0"	""	""
""	"B.1.1.214"	""	"20201115"	"Japan"	""	"Homo sapiens"	"2697049"	"99.1102"	""	""
""	"B.1.1.214"	""	"20201114"	"Uganda"	""	"Homo sapiens"	"2697049"	"100.0"	""	""
""	"B.1.1.214"	""	"20201118"	"Japan"	""	"Homo sapiens"	"2697049"	"100.0"	""	""
""	"B.1.1.214"	""	"20201116"	"Ghana"	""	"Homo sapiens"	"2697049"	"100.0"	""	""
""	"B.1.1.214"	""	"20201124"	"Ghana"	""	"Homo sapiens"	"2697049"	"100.0"	""	""
""	"B.1.1.284"	""	"20201113"	"Ghana"	""	"Homo sapiens"	"2697049"	"99.993286"	""	""
""	"B.1.1.284"	""	"20201118"	"Japan"	""	"Homo sapiens"	"2697049"	"100.0"	""	""
""	"B.1.1.214"	""	"20201111"	"Ghana"	""	"Homo sapiens"	"2697049"	"100.0"	""	""
""	"B.1.1.214"	""	"20201116"	"Ghana"	""	"Homo sapiens"	"2697049"	"99.99664"	""	""
""	"B.1.1.214"	""	"20201116"	"Ghana"	""	"Homo sapiens"	"2697049"	"99.993286"	""	""
""	"B.1.1.284"	""	"20201101"	"Japan"	""	"Homo sapiens"	"2697049"	"100.0"	""	""
""	"B.1.1.214"	""	"20201122"	"Ghana"	""	"Homo sapiens"	"2697049"	"100.0"	""	""
""	"B.1.1.214"	""	"20201126"	"Ghana"	""	"Homo sapiens"	"2697049"	"100.0"	""	""
""	"B.1.1.214"	""	"20201125"	"Uganda"	""	"Homo sapiens"	"2697049"	"100.0"	""	""
""	"B.1.1.214"	""	"20201121"	"Ghana"	""	"Homo sapiens"	"2697049"	"100.0"	""	""
""	"B.1.1.214"	""	"20201124"	"Uganda"	""	"Homo sapiens"	"2697049"	"100.0"	""	""
""	"B.1.1.214"	""	"20201127"	"Ghana"	""	"Homo sapiens"	"2697049"	"100.0"	""	""
""	"B.1.1.214"	""	"20201127"	"Japan"	""	"Homo sapiens"	"2697049"	"100.0"	""	""
""	"B.1.1.214"	""	"20201127"	"Ghana"	""	"Homo sapiens"	"2697049"	"99.99664"	""	""
""	"B.1.1.214"	""	"20201127"	"Japan"	""	"Homo sapiens"	"2697049"	"100.0"	""	""
""	"B.1.1.214"	""	"20201127"	"Ghana"	""	"Homo sapiens"	"2697049"	"99.993286"	""	""
""	"B.1.1.214"	""	"20201127"	"Japan"	""	"Homo sapiens"	"2697049"	"100.0"	""	""
""	"B.1.1.214"	""	"20201127"	"Japan"	""	"Homo sapiens"	"2697049"	"99.99664"	""	""
""	"B.1.1.214"	""	"20201127"	"Japan"	""	"Homo sapiens"	"2697049"	"100.0"	""	""
""	"B.1.1.214"	""	"20201210"	"Japan"	""	"Homo sapiens"	"2697049"	"99.993286"	""	""
""	"B.1.1.214"	""	"20201210"	"Japan"	""	"Homo sapiens"	"2697049"	"100.0"	""	""
""	"B.1.1.214"	""	"20201210"	"Japan"	""	"Homo sapiens"	"2697049"	"100.0"	""	""
""	"B.1.1.214"	""	"20201210"	"Japan"	""	"Homo sapiens"	"2697049"	"99.99664"	""	""
""	"B.1.1.214"	""	"20201210"	"Japan"	""	"Homo sapiens"	"2697049"	"99.98657"	""	""
""	"B.1.1.214"	""	"20201210"	"Japan"	""	"Homo sapiens"	"2697049"	"100.0"	""	""
""	"B.1.1.214"	""	"20201206"	"Japan"	""	"Homo sapiens"	"2697049"	"100.0"	""	""
""	"B.1.1.214"	""	"20201207"	"Japan"	""	"Homo sapiens"	"2697049"	"100.0"	""	""
""	"B.1.1.214"	""	"20201127"	"Japan"	""	"Homo sapiens"	"2697049"	"79.23578"	""	""
""	"B.1.1.214"	""	"20201127"	"Japan"	""	"Homo sapiens"	"2697049"	"79.51787"	""	""
""	"B.1.1.214"	""	"20201214"	"Japan"	""	"Homo sapiens"	"2697049"	"100.0"	""	""
""	"B.1.1.214"	""	"20201213"	"Japan"	""	"Homo sapiens"	"2697049"	"100.0"	""	""
""	"B.1.1.214"	""	"20201208"	"Japan"	""	"Homo sapiens"	"2697049"	"99.751526"	""	""
""	"B.1.1.214"	""	"20201220"	"Japan"	""	"Homo sapiens"	"2697049"	"99.99664"	""	""
""	"B.1.1.214"	""	"20201221"	"Japan"	""	"Homo sapiens"	"2697049"	"99.99664"	""	""
""	"B.1.1.214"	""	"20201221"	"Japan"	""	"Homo sapiens"	"2697049"	"100.0"	""	""
""	"B.1.1.214"	""	"20201221"	"Japan"	""	"Homo sapiens"	"2697049"	"99.7381"	""	""
""	"B.1.1.214"	""	"20201116"	"Japan"	""	"Homo sapiens"	"2697049"	"99.755135"	""	""
""	"B.1.1.214"	""	"20201118"	"Senegal"	""	"Homo sapiens"	"2697049"	"100.0"	""	""
""	"B.1.2"	""	"20201120"	"Senegal"	""	"Homo sapiens"	"2697049"	"100.0"	""	""
""	"B.1.1.214"	""	"20201113"	"Japan"	""	"Homo sapiens"	"2697049"	"99.98993"	""	""
""	"B.1.1.214"	""	"20201112"	"Japan"	""	"Homo sapiens"	"2697049"	"99.993286"	""	""
""	"B.1.1.214"	""	"20201120"	"Japan"	""	"Homo sapiens"	"2697049"	"100.0"	""	""
""	"B.1.1.214"	""	"20201117"	"Japan"	""	"Homo sapiens"	"2697049"	"100.0"	""	""
""	"B.1.1.214"	""	"20201126"	"Japan"	""	"Homo sapiens"	"2697049"	"100.0"	""	""
""	"B.1.1.284"	""	"20201125"	"Japan"	""	"Homo sapiens"	"2697049"	"100.0"	""	""
""	"B.1.1.214"	""	"20201130"	"Japan"	""	"Homo sapiens"	"2697049"	"100.0"	""	""
""	"B.1.1.214"	""	"20201129"	"Japan"	""	"Homo sapiens"	"2697049"	"100.0"	""	""
""	"B.1.1.214"	""	"20201125"	"Japan"	""	"Homo sapiens"	"2697049"	"99.993286"	""	""
""	"B.1.1.214"	""	"20201130"	"Japan"	""	"Homo sapiens"	"2697049"	"100.0"	""	""
""	"B.1.1.214"	""	"20201116"	"Japan"	""	"Homo sapiens"	"2697049"	"100.0"	""	""
""	"B.1.1.214"	""	"20201211"	"Japan"	""	"Homo sapiens"	"2697049"	"100.0"	""	""
""	"B.1.1.214"	""	"20201215"	"Japan"	""	"Homo sapiens"	"2697049"	"99.75488"	""	""
""	"B.1.1.284"	""	"20201211"	"Japan"	""	"Homo sapiens"	"2697049"	"100.0"	""	""
""	"B.1.1.214"	""	"20201215"	"Japan"	""	"Homo sapiens"	"2697049"	"100.0"	""	""
""	"B.1.1.214"	""	"20201215"	"Japan"	""	"Homo sapiens"	"2697049"	"100.0"	""	""
""	"B.1.1.214"	""	"20201221"	"Japan"	""	"Homo sapiens"	"2697049"	"100.0"	""	""
""	"B.1.1"	""	"20200321"	"Japan"	""	"Homo sapiens"	"2697049"	"100.0"	""	""
""	"B.1.1"	""	"20200407"	"Japan"	""	"Homo sapiens"	"2697049"	"100.0"	""	""
""	"B.1"	""	"20200413"	"Japan"	""	"Homo sapiens"	"2697049"	"100.0"	""	""
""	"B.1.1.284"	""	"20200622"	"Japan"	""	"Homo sapiens"	"2697049"	"99.99664"	""	""
""	"B.1.1.284"	""	"20200707"	"Japan"	""	"Homo sapiens"	"2697049"	"100.0"	""	""
""	"B.1.1.284"	""	"20200705"	"Japan"	""	"Homo sapiens"	"2697049"	"100.0"	""	""
""	"B.1.1.284"	""	"20200710"	"Japan"	""	"Homo sapiens"	"2697049"	"100.0"	""	""
""	"B.1.1.284"	""	"20200803"	"Japan"	""	"Homo sapiens"	"2697049"	"100.0"	""	""
""	"B.1.1.214"	""	"20200807"	"Japan"	""	"Homo sapiens"	"2697049"	"100.0"	""	""
""	"B.1.1.284"	""	"20200810"	"Japan"	""	"Homo sapiens"	"2697049"	"100.0"	""	""
""	"B.1.1.284"	""	"20200911"	"Japan"	""	"Homo sapiens"	"2697049"	"100.0"	""	""
""	"B.1.1.284"	""	"20200916"	"Japan"	""	"Homo sapiens"	"2697049"	"100.0"	""	""
""	"B.1.1.214"	""	"20200916"	"Japan"	""	"Homo sapiens"	"2697049"	"99.99664"	""	""
""	"B.1.1.214"	""	"20200918"	"Japan"	""	"Homo sapiens"	"2697049"	"100.0"	""	""
""	"B.1.1.214"	""	"20200925"	"Japan"	""	"Homo sapiens"	"2697049"	"100.0"	""	""
""	"B.1.1.214"	""	"20200926"	"Japan"	""	"Homo sapiens"	"2697049"	"100.0"	""	""
""	"B.1.1.284"	""	"20201002"	"Japan"	""	"Homo sapiens"	"2697049"	"100.0"	""	""
""	"B.1.1.284"	""	"20200929"	"Japan"	""	"Homo sapiens"	"2697049"	"100.0"	""	""
""	"B.1.1.284"	""	"20201006"	"Japan"	""	"Homo sapiens"	"2697049"	"100.0"	""	""
""	"B.1.1.284"	""	"20201009"	"Japan"	""	"Homo sapiens"	"2697049"	"100.0"	""	""
""	"B.1.1.284"	""	"20201029"	"Japan"	""	"Homo sapiens"	"2697049"	"100.0"	""	""
""	"B.1.1.284"	""	"20201028"	"Japan"	""	"Homo sapiens"	"2697049"	"100.0"	""	""
""	"B.1.1.284"	""	"20201029"	"Japan"	""	"Homo sapiens"	"2697049"	"100.0"	""	""
""	"B.1.1"	""	"20201110"	"Japan"	""	"Homo sapiens"	"2697049"	"99.99664"	""	""
""	"B.1.1.284"	""	"20201109"	"Japan"	""	"Homo sapiens"	"2697049"	"99.976494"	""	""
""	"B.1.1.284"	""	"20201112"	"Japan"	""	"Homo sapiens"	"2697049"	"99.99664"	""	""
""	"B.1.1.214"	""	"20201115"	"Japan"	""	"Homo sapiens"	"2697049"	"100.0"	""	""
""	"B.1.1.214"	""	"20201116"	"Japan"	""	"Homo sapiens"	"2697049"	"100.0"	""	""
""	"B.1.1.214"	""	"20201123"	"Japan"	""	"Homo sapiens"	"2697049"	"99.99664"	""	""
""	"B.1.1.214"	""	"20201123"	"Japan"	""	"Homo sapiens"	"2697049"	"100.0"	""	""
""	"B.1.1.214"	""	"20201202"	"Japan"	""	"Homo sapiens"	"2697049"	"99.95971"	""	""
""	"B.1.1.214"	""	"20201202"	"Japan"	""	"Homo sapiens"	"2697049"	"100.0"	""	""
""	"B.1.1.214"	""	"20201215"	"Japan"	""	"Homo sapiens"	"2697049"	"100.0"	""	""
""	"B.1.1.214"	""	"20201215"	"Japan"	""	"Homo sapiens"	"2697049"	"99.993286"	""	""
""	"B.1.1.284"	""	"20201215"	"Japan"	""	"Homo sapiens"	"2697049"	"100.0"	""	""
""	"B.1.1.214"	""	"20201215"	"Japan"	""	"Homo sapiens"	"2697049"	"100.0"	""	""
""	"B.1.1.214"	""	"20201203"	"Japan"	""	"Homo sapiens"	"2697049"	"99.99664"	""	""
""	"B.1.1.214"	""	"20201213"	"Japan"	""	"Homo sapiens"	"2697049"	"100.0"	""	""
""	"B.1.1.284"	""	"20201208"	"Japan"	""	"Homo sapiens"	"2697049"	"100.0"	""	""
""	"B.1.1.214"	""	"20201220"	"Japan"	""	"Homo sapiens"	"2697049"	"99.1102"	""	""
""	"B.1.1.214"	""	"20201221"	"Japan"	""	"Homo sapiens"	"2697049"	"100.0"	""	""
""	"B.1.1.214"	""	"20201221"	"Japan"	""	"Homo sapiens"	"2697049"	"99.99664"	""	""
""	"B.1.1.214"	""	"20201221"	"Japan"	""	"Homo sapiens"	"2697049"	"100.0"	""	""
""	"B.1.1.214"	""	"20201221"	"Japan"	""	"Homo sapiens"	"2697049"	"99.99664"	""	""
""	"B.1.1.214"	""	"20201221"	"Japan"	""	"Homo sapiens"	"2697049"	"100.0"	""	""
""	"B.1.1.214"	""	"20201221"	"Japan"	""	"Homo sapiens"	"2697049"	"100.0"	""	""
""	"B.1.1.214"	""	"20201221"	"Japan"	""	"Homo sapiens"	"2697049"	"99.1102"	""	""
""	"B.1.1.214"	""	"20201221"	"Japan"	""	"Homo sapiens"	"2697049"	"99.11691"	""	""
""	"B.1.1.214"	""	"20201221"	"Japan"	""	"Homo sapiens"	"2697049"	"99.18071"	""	""
""	"B.1.1.214"	""	"20201221"	"Japan"	""	"Homo sapiens"	"2697049"	"100.0"	""	""
""	"B.1.1.214"	""	"20201221"	"Japan"	""	"Homo sapiens"	"2697049"	"100.0"	""	""
""	"B.1.1.214"	""	"20201221"	"Japan"	""	"Homo sapiens"	"2697049"	"99.1102"	""	""
""	"B.1.1.214"	""	"20201221"	"Japan"	""	"Homo sapiens"	"2697049"	"99.993286"	""	""
""	"B.1.1.214"	""	"20201221"	"Japan"	""	"Homo sapiens"	"2697049"	"100.0"	""	""
""	"B.1.1.214"	""	"20201221"	"Japan"	""	"Homo sapiens"	"2697049"	"100.0"	""	""
""	"B.1.1.214"	""	"20201221"	"Japan"	""	"Homo sapiens"	"2697049"	"100.0"	""	""
""	"B.1.1.214"	""	"20201221"	"Japan"	""	"Homo sapiens"	"2697049"	"100.0"	""	""
""	"B.1.1.214"	""	"20201221"	"Japan"	""	"Homo sapiens"	"2697049"	"99.993286"	""	""
""	"B.1.1.214"	""	"20201221"	"Japan"	""	"Homo sapiens"	"2697049"	"100.0"	""	""
""	"B.1.1.214"	""	"20201221"	"Japan"	""	"Homo sapiens"	"2697049"	"100.0"	""	""
""	"B.1.1.214"	""	"20201221"	"Japan"	""	"Homo sapiens"	"2697049"	"100.0"	""	""
""	"B.1.1.214"	""	"20201221"	"Japan"	""	"Homo sapiens"	"2697049"	"100.0"	""	""
""	"B.1.1.214"	""	"20200321"	"Japan"	""	"Homo sapiens"	"2697049"	"100.0"	""	""
""	"B.1.1.214"	""	"20201215"	"Japan"	""	"Homo sapiens"	"2697049"	"100.0"	""	""
""	"B.1.1.214"	""	"20201215"	"Japan"	""	"Homo sapiens"	"2697049"	"100.0"	""	""
""	"B.1.1.214"	""	"20201215"	"Japan"	""	"Homo sapiens"	"2697049"	"100.0"	""	""
""	"B.1.1.214"	""	"20201215"	"Japan"	""	"Homo sapiens"	"2697049"	"100.0"	""	""
""	"B.1.1.214"	""	"20201215"	"Japan"	""	"Homo sapiens"	"2697049"	"100.0"	""	""
""	"B.1.1.214"	""	"20201215"	"Japan"	""	"Homo sapiens"	"2697049"	"100.0"	""	""
""	"B.1.1.214"	""	"20201215"	"Japan"	""	"Homo sapiens"	"2697049"	"100.0"	""	""
""	"B.1.1.214"	""	"20201215"	"Japan"	""	"Homo sapiens"	"2697049"	"99.99664"	""	""
""	"B.1.1.214"	""	"20201215"	"Japan"	""	"Homo sapiens"	"2697049"	"100.0"	""	""
""	"B.1.1.214"	""	"20201215"	"Japan"	""	"Homo sapiens"	"2697049"	"100.0"	""	""
""	"B.1.1.214"	""	"20201215"	"Japan"	""	"Homo sapiens"	"2697049"	"100.0"	""	""
""	"B.1.1.214"	""	"20200407"	"Japan"	""	"Homo sapiens"	"2697049"	"99.53327"	""	""
""	"B.1.346"	""	"20200413"	"Japan"	""	"Homo sapiens"	"2697049"	"100.0"	""	""
""	"B.1.1.214"	""	"20200622"	"Japan"	""	"Homo sapiens"	"2697049"	"100.0"	""	""
""	"B.1.1.214"	""	"20200707"	"Japan"	""	"Homo sapiens"	"2697049"	"99.002754"	""	""
""	"B.1.1.284"	""	"20200705"	"Japan"	""	"Homo sapiens"	"2697049"	"100.0"	""	""
""	"B.1.1.284"	""	"20200710"	"Japan"	""	"Homo sapiens"	"2697049"	"100.0"	""	""
""	"B.1.1.284"	""	"20200803"	"Japan"	""	"Homo sapiens"	"2697049"	"99.99664"	""	""
""	"B.1.1.214"	""	"20200807"	"Japan"	""	"Homo sapiens"	"2697049"	"100.0"	""	""
""	"B.1.1.214"	""	"20200810"	"Japan"	""	"Homo sapiens"	"2697049"	"98.68377"	""	""
""	"B.1.1.214"	""	"20200911"	"Japan"	""	"Homo sapiens"	"2697049"	"99.143776"	""	""
""	"B.1.1.214"	""	"20200916"	"Japan"	""	"Homo sapiens"	"2697049"	"100.0"	""	""
""	"B.1.1.214"	""	"20200916"	"Japan"	""	"Homo sapiens"	"2697049"	"99.143776"	""	""
""	"B.1.1.214"	""	"20201116"	"Japan"	""	"Homo sapiens"	"2697049"	"99.143776"	""	""
""	"B.1.1.214"	""	"20201123"	"Japan"	""	"Homo sapiens"	"2697049"	"99.1102"	""	""
""	"B.1.1.284"	""	"20200918"	"Japan"	""	"Homo sapiens"	"2697049"	"99.98657"	""	""
""	"B.1.346"	""	"20200925"	"Japan"	""	"Homo sapiens"	"2697049"	"100.0"	""	""
""	"B.1.1.214"	""	"20200926"	"Japan"	""	"Homo sapiens"	"2697049"	"99.143776"	""	""
""	"B.1.1.214"	""	"20201002"	"Japan"	""	"Homo sapiens"	"2697049"	"100.0"	""	""
""	"B.1.1.214"	""	"20200929"	"Japan"	""	"Homo sapiens"	"2697049"	"100.0"	""	""
""	"B.1.1.214"	""	"20201006"	"Japan"	""	"Homo sapiens"	"2697049"	"99.294876"	""	""
""	"B.1.1.284"	""	"20201009"	"Japan"	""	"Homo sapiens"	"2697049"	"100.0"	""	""
""	"B.1.1.214"	""	"20201029"	"Japan"	""	"Homo sapiens"	"2697049"	"99.143776"	""	""
""	"B.1.1.214"	""	"20201028"	"Japan"	""	"Homo sapiens"	"2697049"	"100.0"	""	""
""	"B.1.1.214"	""	"20201029"	"Japan"	""	"Homo sapiens"	"2697049"	"100.0"	""	""
""	"B.1.1.214"	""	"20201110"	"Japan"	""	"Homo sapiens"	"2697049"	"100.0"	""	""
""	"B.1.1.214"	""	"20201109"	"Japan"	""	"Homo sapiens"	"2697049"	"100.0"	""	""
""	"B.1.1.284"	""	"20201112"	"Japan"	""	"Homo sapiens"	"2697049"	"100.0"	""	""
""	"B.1.1.214"	""	"20201115"	"Japan"	""	"Homo sapiens"	"2697049"	"100.0"	""	""
""	"B.1.1.214"	""	"20201123"	"Japan"	""	"Homo sapiens"	"2697049"	"99.143776"	""	""
""	"B.1.1.214"	""	"20201202"	"Japan"	""	"Homo sapiens"	"2697049"	"100.0"	""	""
""	"B.1.1.214"	""	"20201202"	"Japan"	""	"Homo sapiens"	"2697049"	"99.1102"	""	""
""	"B.1.1.284"	""	"20201215"	"Japan"	""	"Homo sapiens"	"2697049"	"100.0"	""	""
""	"B.1.1.214"	""	"20201215"	"Japan"	""	"Homo sapiens"	"2697049"	"98.14317"	""	""
""	"B.1.1.214"	""	"20201215"	"Japan"	""	"Homo sapiens"	"2697049"	"100.0"	""	""
""	"B.1.1.284"	""	"20201215"	"Japan"	""	"Homo sapiens"	"2697049"	"100.0"	""	""
""	"B.1.1.214"	""	"20201215"	"Japan"	""	"Homo sapiens"	"2697049"	"100.0"	""	""
""	"B.1.1.214"	""	"20201215"	"Japan"	""	"Homo sapiens"	"2697049"	"100.0"	""	""
""	"B.1.1.214"	""	"20201215"	"Japan"	""	"Homo sapiens"	"2697049"	"100.0"	""	""
""	"B.1.1.284"	""	"20201215"	"Japan"	""	"Homo sapiens"	"2697049"	"97.59922"	""	""
""	"B.1.1.214"	""	"20201215"	"Japan"	""	"Homo sapiens"	"2697049"	"99.28816"	""	""
""	"B.1.1.214"	""	"20201215"	"Japan"	""	"Homo sapiens"	"2697049"	"99.1102"	""	""
""	"B.1.1.214"	""	"20201215"	"Japan"	""	"Homo sapiens"	"2697049"	"99.25123"	""	""
""	"B.1.1.214"	""	"20201215"	"Japan"	""	"Homo sapiens"	"2697049"	"99.832115"	""	""
""	"B.1.1.284"	""	"20201215"	"Japan"	""	"Homo sapiens"	"2697049"	"100.0"	""	""
""	"B.1.1.214"	""	"20201209"	"Japan"	""	"Homo sapiens"	"2697049"	"100.0"	""	""
""	"B.1.1.214"	""	"20201210"	"Japan"	""	"Homo sapiens"	"2697049"	"100.0"	""	""
""	"B.1.1.214"	""	"20201210"	"Japan"	""	"Homo sapiens"	"2697049"	"100.0"	""	""
""	"B.1.1.214"	""	"20201210"	"Japan"	""	"Homo sapiens"	"2697049"	"100.0"	""	""
""	"B.1.1.214"	""	"20201211"	"Japan"	""	"Homo sapiens"	"2697049"	"99.23779"	""	""
""	"B.1.1.214"	""	"20201211"	"Japan"	""	"Homo sapiens"	"2697049"	"100.0"	""	""
""	"B.1.1.214"	""	"20201211"	"Japan"	""	"Homo sapiens"	"2697049"	"100.0"	""	""
""	"B.1.1.214"	""	"20201211"	"Japan"	""	"Homo sapiens"	"2697049"	"100.0"	""	""
""	"B.1.1.214"	""	"20201211"	"Japan"	""	"Homo sapiens"	"2697049"	"100.0"	""	""
""	"B.1.1.214"	""	"20201214"	"Japan"	""	"Homo sapiens"	"2697049"	"99.12028"	""	""
""	"B.1.1.214"	""	"20201214"	"Japan"	""	"Homo sapiens"	"2697049"	"99.143776"	""	""
""	"B.1.1.214"	""	"20201214"	"Japan"	""	"Homo sapiens"	"2697049"	"99.5232"	""	""
""	"B.1.1.214"	""	"20201214"	"Japan"	""	"Homo sapiens"	"2697049"	"99.093414"	""	""
""	"B.1.1.214"	""	"20201214"	"Japan"	""	"Homo sapiens"	"2697049"	"100.0"	""	""
""	"B.1.1.284"	""	"20201215"	"Japan"	""	"Homo sapiens"	"2697049"	"100.0"	""	""
""	"B.1.1.214"	""	"20201215"	"Japan"	""	"Homo sapiens"	"2697049"	"99.143776"	""	""
""	"B.1.346"	""	"20201215"	"Japan"	""	"Homo sapiens"	"2697049"	"100.0"	""	""
""	"B.1.1.214"	""	"20201215"	"Japan"	""	"Homo sapiens"	"2697049"	"100.0"	""	""
""	"B.1.1.214"	""	"20201215"	"Japan"	""	"Homo sapiens"	"2697049"	"99.143776"	""	""
""	"B.1.1.214"	""	"20201215"	"Japan"	""	"Homo sapiens"	"2697049"	"99.529915"	""	""
""	"B.1.1.214"	""	"20201215"	"Japan"	""	"Homo sapiens"	"2697049"	"99.99664"	""	""
""	"B.1.1.214"	""	"20201215"	"Japan"	""	"Homo sapiens"	"2697049"	"99.368744"	""	""
""	"B.1.1.214"	""	"20201215"	"Japan"	""	"Homo sapiens"	"2697049"	"99.1102"	""	""
""	"B.1.1.214"	""	"20201215"	"Japan"	""	"Homo sapiens"	"2697049"	"100.0"	""	""
""	"B.1.1.214"	""	"20201215"	"Japan"	""	"Homo sapiens"	"2697049"	"100.0"	""	""
""	"B.1.1.214"	""	"20201215"	"Japan"	""	"Homo sapiens"	"2697049"	"99.1102"	""	""
""	"B.1.1.284"	""	"20201215"	"Japan"	""	"Homo sapiens"	"2697049"	"100.0"	""	""
""	"B.1.1.214"	""	"20201215"	"Japan"	""	"Homo sapiens"	"2697049"	"99.29152"	""	""
""	"B.1.1.214"	""	"20201215"	"Japan"	""	"Homo sapiens"	"2697049"	"99.1102"	""	""
""	"B.1.1.284"	""	"20201215"	"Senegal"	""	"Homo sapiens"	"2697049"	"100.0"	""	""
""	"B.1.1.214"	""	"20201215"	"Japan"	""	"Homo sapiens"	"2697049"	"99.55678"	""	""
""	"B.1.1"	""	"20200326"	"Japan"	""	"Homo sapiens"	"2697049"	"100.0"	""	""
""	"B.1.1.214"	""	"20201215"	"Japan"	""	"Homo sapiens"	"2697049"	"100.0"	""	""
""	"B.1.1.214"	""	"20201215"	"Senegal"	""	"Homo sapiens"	"2697049"	"100.0"	""	""
""	"B.1.1.214"	""	"20201215"	"China"	""	"Homo sapiens"	"2697049"	"100.0"	""	""
""	"B.1.1.284"	""	"20201215"	"China"	""	"Homo sapiens"	"2697049"	"100.0"	""	""
""	"B.1.1.284"	""	"20201215"	"China"	""	"Homo sapiens"	"2697049"	"100.0"	""	""
""	"B.1.1.284"	""	"20201215"	"China"	""	"Homo sapiens"	"2697049"	"100.0"	""	""
""	"B.1.1.284"	""	"20201215"	"China"	""	"Homo sapiens"	"2697049"	"99.993286"	""	""
""	"B.1.1.284"	""	"20201215"	"Japan"	""	"Homo sapiens"	"2697049"	"100.0"	""	""
""	"B.1.1.214"	""	"20201215"	"Japan"	""	"Homo sapiens"	"2697049"	"100.0"	""	""
""	"B.1.1.214"	""	"20201215"	"Japan"	""	"Homo sapiens"	"2697049"	"100.0"	""	""
""	"B.1.1.284"	""	"20201215"	"Japan"	""	"Homo sapiens"	"2697049"	"100.0"	""	""
""	"B.1.1.284"	""	"20201215"	"Japan"	""	"Homo sapiens"	"2697049"	"100.0"	""	""
""	"B.1.1.214"	""	"20201215"	"Japan"	""	"Homo sapiens"	"2697049"	"99.1102"	""	""
""	"B.1.1.214"	""	"20201215"	"Japan"	""	"Homo sapiens"	"2697049"	"99.10013"	""	""
""	"B.1.1.214"	""	"20201215"	"Japan"	""	"Homo sapiens"	"2697049"	"99.99664"	""	""
""	"B.1.1.284"	""	"20201215"	"Japan"	""	"Homo sapiens"	"2697049"	"100.0"	""	""
""	"B.1.1.214"	""	"20201215"	"Japan"	""	"Homo sapiens"	"2697049"	"99.41576"	""	""
""	"B.1.1.214"	""	"20201215"	"Japan"	""	"Homo sapiens"	"2697049"	"99.26801"	""	""
""	"Q.4"	""	"20201215"	"Japan"	""	"Homo sapiens"	"2697049"	"99.82193"	""	"Alpha"
""	"B.1.1.284"	""	"20201215"	"Japan"	""	"Homo sapiens"	"2697049"	"99.99664"	""	""
""	"B.1.1.214"	""	"20201215"	"Japan"	""	"Homo sapiens"	"2697049"	"99.72803"	""	""
""	"B.1.1.214"	""	"20201215"	"Japan"	""	"Homo sapiens"	"2697049"	"100.0"	""	""
""	"B.1.1.214"	""	"20201215"	"Japan"	""	"Homo sapiens"	"2697049"	"99.1102"	""	""
""	"B.1.1.214"	""	"20201215"	"Japan"	""	"Homo sapiens"	"2697049"	"99.751526"	""	""
""	"B.1.1.214"	""	"20201215"	"Japan"	""	"Homo sapiens"	"2697049"	"99.519844"	""	""
""	"B.1.1.214"	""	"20201215"	"Japan"	""	"Homo sapiens"	"2697049"	"99.063194"	""	""
""	"Q.4"	""	"20201215"	"Japan"	""	"Homo sapiens"	"2697049"	"99.41874"	""	"Alpha"
""	"B.1.1.214"	""	"20201215"	"Japan"	""	"Homo sapiens"	"2697049"	"100.0"	""	""
""	"B.1.1.214"	""	"20201215"	"Japan"	""	"Homo sapiens"	"2697049"	"100.0"	""	""
""	"B.1.1.214"	""	"20201215"	"Japan"	""	"Homo sapiens"	"2697049"	"100.0"	""	""
""	""	""	"20200215"	"Japan"	""	"Homo sapiens"	"2697049"	"68.42635"	""	""
""	"R.1"	""	"20200215"	"Japan"	""	"Homo sapiens"	"2697049"	"99.07995"	""	""
""	"R.1"	""	"20200201"	"Japan"	""	"Homo sapiens"	"2697049"	"99.07995"	""	""
""	"R.1"	""	"20200215"	"Japan"	""	"Homo sapiens"	"2697049"	"99.46946"	""	""
""	"R.1"	""	"20200224"	"Japan"	""	"Homo sapiens"	"2697049"	"99.07995"	""	""
""	"B.1.1.214"	""	"20210201"	"Japan"	""	"Homo sapiens"	"2697049"	"100.0"	""	""
""	"B.1.1.214"	""	"20201208"	"Japan"	""	"Homo sapiens"	"2697049"	"100.0"	""	""
""	"B.1.1.214"	""	"20201201"	"Japan"	""	"Homo sapiens"	"2697049"	"100.0"	""	""
""	"B.1.1.214"	""	"20210113"	"Japan"	""	"Homo sapiens"	"2697049"	"99.993286"	""	""
""	"B.1.1.214"	""	"20210110"	"Japan"	""	"Homo sapiens"	"2697049"	"100.0"	""	""
""	"R.1"	""	"20210121"	"Japan"	""	"Homo sapiens"	"2697049"	"99.32843"	""	""
""	"B.1.1.214"	""	"20210124"	"Japan"	""	"Homo sapiens"	"2697049"	"100.0"	""	""
""	"B.1.1.7"	""	"20210131"	"Japan"	""	"Homo sapiens"	"2697049"	"100.0"	""	"Alpha"
""	"B.1.1.214"	""	"20210129"	"Japan"	""	"Homo sapiens"	"2697049"	"99.10684"	""	""
""	"B.1.1.214"	""	"20210122"	"Japan"	""	"Homo sapiens"	"2697049"	"98.861725"	""	""
""	"B.1.1.214"	""	"20210201"	"Japan"	""	"Homo sapiens"	"2697049"	"94.54033"	""	""
""	"B.1.1.214"	""	"20210130"	"Japan"	""	"Homo sapiens"	"2697049"	"100.0"	""	""
""	"B.1.1.214"	""	"20210126"	"Japan"	""	"Homo sapiens"	"2697049"	"100.0"	""	""
""	"B.1.1.214"	""	"20210128"	"Japan"	""	"Homo sapiens"	"2697049"	"99.99664"	""	""
""	"B.1.1.214"	""	"20210130"	"Japan"	""	"Homo sapiens"	"2697049"	"99.43254"	""	""
""	"B.1.1.214"	""	"20210203"	"Japan"	""	"Homo sapiens"	"2697049"	"100.0"	""	""
""	"B.1.1.214"	""	"20210125"	"Japan"	""	"Homo sapiens"	"2697049"	"100.0"	""	""
""	"B.1.1.214"	""	"20210203"	"Japan"	""	"Homo sapiens"	"2697049"	"100.0"	""	""
""	"B.1.1.7"	""	"20210201"	"Japan"	""	"Homo sapiens"	"2697049"	"99.07268"	""	"Alpha"
""	"B.1.1.214"	""	"20210206"	"Japan"	""	"Homo sapiens"	"2697049"	"98.90538"	""	""
""	"B.1.1.214"	""	"20210210"	"Japan"	""	"Homo sapiens"	"2697049"	"99.751526"	""	""
""	"R.1"	""	"20210205"	"Japan"	""	"Homo sapiens"	"2697049"	"99.72801"	""	""
""	"B.1.1.214"	""	"20210202"	"Japan"	""	"Homo sapiens"	"2697049"	"99.872406"	""	""
""	"B.1.1.214"	""	"20210211"	"Japan"	""	"Homo sapiens"	"2697049"	"99.99664"	""	""
""	"B.1.1.214"	""	"20210212"	"Japan"	""	"Homo sapiens"	"2697049"	"99.99664"	""	""
""	"B.1.346"	""	"20210211"	"Japan"	""	"Homo sapiens"	"2697049"	"100.0"	""	""
""	"B.1.1.214"	""	"20210214"	"Brazil"	""	"Homo sapiens"	"2697049"	"99.99664"	""	""
""	"B.1.1.7"	""	"20210205"	"Japan"	""	"Homo sapiens"	"2697049"	"99.99664"	""	"Alpha"
""	"B.1.1.214"	""	"20201127"	"Brazil"	""	"Homo sapiens"	"2697049"	"99.02626"	""	""
""	"B.1.1.214"	""	"20210216"	"Japan"	""	"Homo sapiens"	"2697049"	"99.21429"	""	""
""	"B.1.1.7"	""	"20210213"	"Japan"	""	"Homo sapiens"	"2697049"	"100.0"	""	"Alpha"
""	"B.1.1.214"	""	"20210222"	"Japan"	""	"Homo sapiens"	"2697049"	"100.0"	""	""
""	"R.1"	""	"20210225"	"Japan"	""	"Homo sapiens"	"2697049"	"99.32843"	""	""
""	"B.1.1.214"	""	"20210215"	"Japan"	""	"Homo sapiens"	"2697049"	"99.70788"	""	""
""	"B.1.1.214"	""	"20210215"	"Japan"	""	"Homo sapiens"	"2697049"	"99.143776"	""	""
""	"B.1.1.214"	""	"20210215"	"Japan"	""	"Homo sapiens"	"2697049"	"99.143776"	""	""
""	"R.1"	""	"20210215"	"Japan"	""	"Homo sapiens"	"2697049"	"99.53662"	""	""
""	"B.1.1.214"	""	"20210215"	"Japan"	""	"Homo sapiens"	"2697049"	"99.99664"	""	""
""	"B.1.1.214"	""	"20210215"	"Japan"	""	"Homo sapiens"	"2697049"	"99.98993"	""	""
""	"B.1.1.214"	""	"20210215"	"Japan"	""	"Homo sapiens"	"2697049"	"99.063194"	""	""
""	"B.1.1.214"	""	"20210215"	"Japan"	""	"Homo sapiens"	"2697049"	"99.60715"	""	""
""	"R.1"	""	"20210215"	"Japan"	""	"Homo sapiens"	"2697049"	"99.34522"	""	""
""	"B.1.1.214"	""	"20210215"	"Japan"	""	"Homo sapiens"	"2697049"	"99.1102"	""	""
""	"R.1"	""	"20210215"	"Japan"	""	"Homo sapiens"	"2697049"	"99.073235"	""	""
""	"R.1"	""	"20210315"	"Japan"	""	"Homo sapiens"	"2697049"	"99.4661"	""	""
""	"R.1"	""	"20210315"	"Japan"	""	"Homo sapiens"	"2697049"	"99.07995"	""	""
""	"R.1"	""	"20210315"	"Japan"	""	"Homo sapiens"	"2697049"	"99.28478"	""	""
""	"B.1.1.214"	""	"20210315"	"Japan"	""	"Homo sapiens"	"2697049"	"99.33517"	""	""
""	"R.1"	""	"20210315"	"Japan"	""	"Homo sapiens"	"2697049"	"99.3385"	""	""
""	"B.1.1.482"	""	"20200418"	"Japan"	""	"Homo sapiens"	"2697049"	"99.96978"	""	""
""	"B.12"	""	"20200417"	"Japan"	""	"Homo sapiens"	"2697049"	"99.07998"	""	""
""	"B.1.1.482"	""	"20200423"	"Japan"	""	"Homo sapiens"	"2697049"	"99.345245"	""	""
""	"B.1.1.482"	""	"20200427"	"Japan"	""	"Homo sapiens"	"2697049"	"100.0"	""	""
""	"B.1.1"	""	"20200524"	"Japan"	""	"Homo sapiens"	"2697049"	"99.49298"	""	""
""	"B.1.1"	""	"20200523"	"Japan"	""	"Homo sapiens"	"2697049"	"99.22772"	""	""
""	"B.1.1"	""	"20200527"	"Japan"	""	"Homo sapiens"	"2697049"	"99.133705"	""	""
""	"B.1.1"	""	"20200603"	"Japan"	""	"Homo sapiens"	"2697049"	"99.701164"	""	""
""	"B.1.1"	""	"20200605"	"Japan"	""	"Homo sapiens"	"2697049"	"98.45209"	""	""
""	"B.1.1"	""	"20200603"	"Japan"	""	"Homo sapiens"	"2697049"	"99.22772"	""	""
""	"B.1.1"	""	"20200628"	"Japan"	""	"Homo sapiens"	"2697049"	"99.22772"	""	""
""	"B.1.1"	""	"20200621"	"Japan"	""	"Homo sapiens"	"2697049"	"98.53938"	""	""
""	"B.1.1.284"	""	"20200702"	"Japan"	""	"Homo sapiens"	"2697049"	"98.00215"	""	""
""	"B.1.1.284"	""	"20200716"	"Japan"	""	"Homo sapiens"	"2697049"	"100.0"	""	""
""	"B.1.1.284"	""	"20200801"	"Japan"	""	"Homo sapiens"	"2697049"	"100.0"	""	""
""	"B.1.1.284"	""	"20200806"	"Japan"	""	"Homo sapiens"	"2697049"	"98.13646"	""	""
""	"B.1.1.284"	""	"20200820"	"Japan"	""	"Homo sapiens"	"2697049"	"100.0"	""	""
""	"B.1.1.284"	""	"20200917"	"Japan"	""	"Homo sapiens"	"2697049"	"100.0"	""	""
""	"B.1.1.284"	""	"20200925"	"Japan"	""	"Homo sapiens"	"2697049"	"100.0"	""	""
""	"B.1.1.284"	""	"20201007"	"Japan"	""	"Homo sapiens"	"2697049"	"100.0"	""	""
""	"B.1.1.214"	""	"20201008"	"Japan"	""	"Homo sapiens"	"2697049"	"100.0"	""	""
""	"B.1.1.214"	""	"20201013"	"Japan"	""	"Homo sapiens"	"2697049"	"100.0"	""	""
""	"B.1.1.214"	""	"20201013"	"Japan"	""	"Homo sapiens"	"2697049"	"77.95648"	""	""
""	"B.1.1.214"	""	"20201027"	"Japan"	""	"Homo sapiens"	"2697049"	"100.0"	""	""
""	"B.1.1.214"	""	"20201101"	"Japan"	""	"Homo sapiens"	"2697049"	"99.9362"	""	""
""	"B.1.1.214"	""	"20201031"	"Japan"	""	"Homo sapiens"	"2697049"	"100.0"	""	""
""	"B.1.1.214"	""	"20201027"	"Japan"	""	"Homo sapiens"	"2697049"	"100.0"	""	""
""	"B.1.1.214"	""	"20201030"	"China"	""	"Homo sapiens"	"2697049"	"99.42247"	""	""
""	"B.1.1.214"	""	"20201031"	"China"	""	"Homo sapiens"	"2697049"	"100.0"	""	""
""	"B.1.1.214"	""	"20201127"	"China"	""	"Homo sapiens"	"2697049"	"100.0"	""	""
""	"B.1.1.214"	""	"20201130"	"China"	""	"Homo sapiens"	"2697049"	"100.0"	""	""
""	"B.1.1.214"	""	"20210107"	"China"	""	"Homo sapiens"	"2697049"	"100.0"	""	""
""	"B.1.1.214"	""	"20210131"	"Japan"	""	"Homo sapiens"	"2697049"	"100.0"	""	""
""	"B.1.1.214"	""	"20210201"	"Japan"	""	"Homo sapiens"	"2697049"	"100.0"	""	""
""	"B.1.1.214"	""	"20210205"	"Japan"	""	"Homo sapiens"	"2697049"	"86.38011"	""	""
""	"B.1.1.214"	""	"20210207"	"Japan"	""	"Homo sapiens"	"2697049"	"99.97985"	""	""
""	"B.1.1.7"	""	"20210625"	"Japan"	""	"Homo sapiens"	"2697049"	"100.0"	""	"Alpha"
""	"B.1.1.7"	""	"20210627"	"Japan"	""	"Homo sapiens"	"2697049"	"100.0"	""	"Alpha"
""	"B.1.1.7"	""	"20210627"	"Japan"	""	"Homo sapiens"	"2697049"	"100.0"	""	"Alpha"
""	"B.1.1.7"	""	"20210628"	"Japan"	""	"Homo sapiens"	"2697049"	"100.0"	""	"Alpha"
""	"B.1.1.7"	""	"20210629"	"Japan"	""	"Homo sapiens"	"2697049"	"100.0"	""	"Alpha"
""	"B.1.1.7"	""	"20210629"	"Japan"	""	"Homo sapiens"	"2697049"	"100.0"	""	"Alpha"
""	"B.1.1.7"	""	"20210630"	"Japan"	""	"Homo sapiens"	"2697049"	"100.0"	""	"Alpha"
""	"B.1.1.7"	""	"20210630"	"Japan"	""	"Homo sapiens"	"2697049"	"100.0"	""	"Alpha"
""	"B.1.1.7"	""	"20210412"	"Japan"	""	"Homo sapiens, female"	"2697049"	"100.0"	""	"Alpha"
""	"B.1.1.7"	""	"20210415"	"Japan"	""	"Homo sapiens, male"	"2697049"	"100.0"	""	"Alpha"
""	"B.1.1.7"	""	"20210415"	"Japan"	""	"Homo sapiens, male"	"2697049"	"100.0"	""	"Alpha"
""	"B.1.1.7"	""	"20210417"	"Japan"	""	"Homo sapiens, female"	"2697049"	"100.0"	""	"Alpha"
""	"B.1.1.7"	""	"20210419"	"Japan"	""	"Homo sapiens, male"	"2697049"	"100.0"	""	"Alpha"
""	"B.1.1.7"	""	"20210419"	"Japan"	""	"Homo sapiens, female"	"2697049"	"100.0"	""	"Alpha"
""	"B.1.1.7"	""	"20210419"	"Japan"	""	"Homo sapiens, female"	"2697049"	"100.0"	""	"Alpha"
""	"B.1.1.214"	""	"20210413"	"Japan"	""	"Homo sapiens, female"	"2697049"	"100.0"	""	""
""	"B.1.1.7"	""	"20210414"	"Japan"	""	"Homo sapiens, male"	"2697049"	"100.0"	""	"Alpha"
""	"B.1.1.214"	""	"20210414"	"Japan"	""	"Homo sapiens, male"	"2697049"	"100.0"	""	""
""	"B.1.1.214"	""	"20210414"	"Japan"	""	"Homo sapiens, male"	"2697049"	"100.0"	""	""
""	"B.1.1.7"	""	"20210415"	"Japan"	""	"Homo sapiens, male"	"2697049"	"100.0"	""	"Alpha"
""	"B.1.1.214"	""	"20210415"	"Japan"	""	"Homo sapiens, female"	"2697049"	"100.0"	""	""
""	"B.1.1.214"	""	"20210415"	"Japan"	""	"Homo sapiens, male"	"2697049"	"100.0"	""	""
""	"B.1.1.214"	""	"20210416"	"Japan"	""	"Homo sapiens, female"	"2697049"	"100.0"	""	""
""	"B.1.1.214"	""	"20210416"	"Japan"	""	"Homo sapiens, male"	"2697049"	"100.0"	""	""
""	"B.1.1.7"	""	"20210401"	"Japan"	""	"Homo sapiens, female"	"2697049"	"100.0"	""	"Alpha"
""	"B.1.1.7"	""	"20210419"	"Japan"	""	"Homo sapiens, female"	"2697049"	"100.0"	""	"Alpha"
""	"B.1.1.7"	""	"20210421"	"Japan"	""	"Homo sapiens, female"	"2697049"	"100.0"	""	"Alpha"
""	"B.1.1.7"	""	"20210417"	"Japan"	""	"Homo sapiens, female"	"2697049"	"100.0"	""	"Alpha"
""	"B.1.1.7"	""	"20210419"	"Japan"	""	"Homo sapiens, male"	"2697049"	"100.0"	""	"Alpha"
""	"B.1.1.7"	""	"20210415"	"Japan"	""	"Homo sapiens, female"	"2697049"	"100.0"	""	"Alpha"
""	"B.1.1.7"	""	"20210422"	"Japan"	""	"Homo sapiens, male"	"2697049"	"100.0"	""	"Alpha"
""	"B.1.1.7"	""	"20210421"	"Japan"	""	"Homo sapiens, male"	"2697049"	"100.0"	""	"Alpha"
""	"B.1.1.7"	""	"20210422"	"Japan"	""	"Homo sapiens, male"	"2697049"	"100.0"	""	"Alpha"
""	"B.1.1.7"	""	"20210420"	"Japan"	""	"Homo sapiens, male"	"2697049"	"100.0"	""	"Alpha"
""	"B.1.1.7"	""	"20210422"	"Japan"	""	"Homo sapiens, female"	"2697049"	"100.0"	""	"Alpha"
""	"B.1.1.7"	""	"20210424"	"Japan"	""	"Homo sapiens, male"	"2697049"	"100.0"	""	"Alpha"
""	"B.1.1.7"	""	"20210426"	"Japan"	""	"Homo sapiens, female"	"2697049"	"100.0"	""	"Alpha"
""	"B.1.1.7"	""	"20210422"	"Japan"	""	"Homo sapiens, male"	"2697049"	"100.0"	""	"Alpha"
""	"B.1.1.7"	""	"20210422"	"Japan"	""	"Homo sapiens, male"	"2697049"	"100.0"	""	"Alpha"
""	"B.1.1.7"	""	"20210423"	"Japan"	""	"Homo sapiens, male"	"2697049"	"100.0"	""	"Alpha"
""	"B.1.1.7"	""	"20210423"	"Japan"	""	"Homo sapiens, female"	"2697049"	"100.0"	""	"Alpha"
""	"B.1.1.7"	""	"20210423"	"Japan"	""	"Homo sapiens, male"	"2697049"	"100.0"	""	"Alpha"
""	"B.1.1.214"	""	"20210422"	"Japan"	""	"Homo sapiens, female"	"2697049"	"100.0"	""	""
""	"B.1.1.7"	""	"20210423"	"Japan"	""	"Homo sapiens, female"	"2697049"	"100.0"	""	"Alpha"
""	"B.1.1.7"	""	"20210422"	"Japan"	""	"Homo sapiens, male"	"2697049"	"100.0"	""	"Alpha"
""	"B.1.1.7"	""	"20210422"	"Japan"	""	"Homo sapiens, male"	"2697049"	"100.0"	""	"Alpha"
""	"B.1.1.7"	""	"20210423"	"Japan"	""	"Homo sapiens, female"	"2697049"	"100.0"	""	"Alpha"
""	"B.1.1.7"	""	"20210426"	"Japan"	""	"Homo sapiens, female"	"2697049"	"100.0"	""	"Alpha"
""	"B.1.1.7"	""	"20210428"	"Japan"	""	"Homo sapiens, male"	"2697049"	"100.0"	""	"Alpha"
""	"B.1.1.7"	""	"20210428"	"Japan"	""	"Homo sapiens, female"	"2697049"	"100.0"	""	"Alpha"
""	"B.1.1.7"	""	"20210426"	"Japan"	""	"Homo sapiens, male"	"2697049"	"100.0"	""	"Alpha"
""	"B.1.1.7"	""	"20210426"	"Japan"	""	"Homo sapiens, male"	"2697049"	"100.0"	""	"Alpha"
""	"B.1.1.7"	""	"20210426"	"Japan"	""	"Homo sapiens, female"	"2697049"	"100.0"	""	"Alpha"
""	"B.1.1.7"	""	"20210427"	"Japan"	""	"Homo sapiens, male"	"2697049"	"100.0"	""	"Alpha"
""	"B.1.1.7"	""	"20210430"	"Japan"	""	"Homo sapiens, male"	"2697049"	"100.0"	""	"Alpha"
""	"B.1.1.7"	""	"20210427"	"Japan"	""	"Homo sapiens, female"	"2697049"	"100.0"	""	"Alpha"
""	"B.1.1.7"	""	"20210427"	"Japan"	""	"Homo sapiens, female"	"2697049"	"100.0"	""	"Alpha"
""	"B.1.1.7"	""	"20210427"	"Japan"	""	"Homo sapiens, male"	"2697049"	"100.0"	""	"Alpha"
""	"B.1.1.7"	""	"20210427"	"Japan"	""	"Homo sapiens, male"	"2697049"	"100.0"	""	"Alpha"
""	"B.1.1.7"	""	"20210427"	"Japan"	""	"Homo sapiens, male"	"2697049"	"100.0"	""	"Alpha"
""	"B.1.1.7"	""	"20210427"	"Japan"	""	"Homo sapiens, male"	"2697049"	"100.0"	""	"Alpha"
""	"B.1.1.7"	""	"20210427"	"Japan"	""	"Homo sapiens, male"	"2697049"	"100.0"	""	"Alpha"
""	"B.1.1.7"	""	"20210427"	"Japan"	""	"Homo sapiens, male"	"2697049"	"100.0"	""	"Alpha"
""	"B.1.1.7"	""	"20210427"	"Japan"	""	"Homo sapiens, male"	"2697049"	"100.0"	""	"Alpha"
""	"B.1.1.7"	""	"20210427"	"Japan"	""	"Homo sapiens, male"	"2697049"	"100.0"	""	"Alpha"
""	"B.1.1.7"	""	"20210427"	"Japan"	""	"Homo sapiens, male"	"2697049"	"100.0"	""	"Alpha"
""	"B.1.1.7"	""	"20210427"	"Japan"	""	"Homo sapiens, female"	"2697049"	"100.0"	""	"Alpha"
""	"B.1.1.7"	""	"20210427"	"Japan"	""	"Homo sapiens, male"	"2697049"	"100.0"	""	"Alpha"
""	"B.1.1.7"	""	"20210427"	"Japan"	""	"Homo sapiens, male"	"2697049"	"100.0"	""	"Alpha"
""	"B.1.1.7"	""	"20210427"	"Japan"	""	"Homo sapiens, male"	"2697049"	"100.0"	""	"Alpha"
""	"B.1.1.7"	""	"20210427"	"Japan"	""	"Homo sapiens, male"	"2697049"	"100.0"	""	"Alpha"
""	"B.1.1.7"	""	"20210426"	"Japan"	""	"Homo sapiens, male"	"2697049"	"100.0"	""	"Alpha"
""	"B.1.1.7"	""	"20210426"	"Japan"	""	"Homo sapiens, male"	"2697049"	"100.0"	""	"Alpha"
""	"B.1.1.7"	""	"20210426"	"Japan"	""	"Homo sapiens, female"	"2697049"	"100.0"	""	"Alpha"
""	"B.1.1.7"	""	"20210426"	"Japan"	""	"Homo sapiens, female"	"2697049"	"100.0"	""	"Alpha"
""	"B.1.1.7"	""	"20210428"	"Japan"	""	"Homo sapiens, male"	"2697049"	"100.0"	""	"Alpha"
""	"B.1.1.7"	""	"20210428"	"Japan"	""	"Homo sapiens, male"	"2697049"	"100.0"	""	"Alpha"
""	"B.1.1.7"	""	"20210428"	"China"	""	"Homo sapiens, female"	"2697049"	"100.0"	""	"Alpha"
""	"B.1.1.7"	""	"20210428"	"China"	""	"Homo sapiens, female"	"2697049"	"100.0"	""	"Alpha"
""	"B.1.1.7"	""	"20210429"	"China"	""	"Homo sapiens, female"	"2697049"	"100.0"	""	"Alpha"
""	"B.1.1.7"	""	"20210430"	"China"	""	"Homo sapiens, female"	"2697049"	"100.0"	""	"Alpha"
""	"B.1.1.7"	""	"20210430"	"China"	""	"Homo sapiens, male"	"2697049"	"100.0"	""	"Alpha"
""	"B.1.1.7"	""	"20210502"	"Japan"	""	"Homo sapiens, male"	"2697049"	"100.0"	""	"Alpha"
""	"B.1.1.7"	""	"20210502"	"Japan"	""	"Homo sapiens, female"	"2697049"	"100.0"	""	"Alpha"
""	"B.1.1.7"	""	"20210502"	"Japan"	""	"Homo sapiens, male"	"2697049"	"100.0"	""	"Alpha"
""	"B.1.1.7"	""	"20210502"	"Japan"	""	"Homo sapiens, male"	"2697049"	"100.0"	""	"Alpha"
""	"B.1.1.7"	""	"20210502"	"Japan"	""	"Homo sapiens, female"	"2697049"	"100.0"	""	"Alpha"
""	"B.1.1.7"	""	"20210504"	"Japan"	""	"Homo sapiens, male"	"2697049"	"100.0"	""	"Alpha"
""	"B.1.1.7"	""	"20210504"	"Japan"	""	"Homo sapiens, female"	"2697049"	"100.0"	""	"Alpha"
""	"B.1.1.7"	""	"20210504"	"Japan"	""	"Homo sapiens, female"	"2697049"	"100.0"	""	"Alpha"
""	"B.1.1.7"	""	"20210504"	"Japan"	""	"Homo sapiens, male"	"2697049"	"100.0"	""	"Alpha"
""	"B.1.1.7"	""	"20210428"	"Japan"	""	"Homo sapiens, male"	"2697049"	"100.0"	""	"Alpha"
""	"B.1.1.7"	""	"20210429"	"Japan"	""	"Homo sapiens, female"	"2697049"	"100.0"	""	"Alpha"
""	"B.1.1.7"	""	"20210427"	"Japan"	""	"Homo sapiens, male"	"2697049"	"100.0"	""	"Alpha"
""	"B.1.1.7"	""	"20210430"	"Japan"	""	"Homo sapiens, female"	"2697049"	"100.0"	""	"Alpha"
""	"B.1.1.7"	""	"20210426"	"Japan"	""	"Homo sapiens, female"	"2697049"	"100.0"	""	"Alpha"
""	"B.1.1.7"	""	"20210424"	"Japan"	""	"Homo sapiens, male"	"2697049"	"100.0"	""	"Alpha"
""	"B.1.1.7"	""	"20210426"	"Japan"	""	"Homo sapiens, male"	"2697049"	"100.0"	""	"Alpha"
""	"B.1.1.7"	""	"20210502"	"Japan"	""	"Homo sapiens, female"	"2697049"	"100.0"	""	"Alpha"
""	"B.1.1.7"	""	"20210502"	"Japan"	""	"Homo sapiens, male"	"2697049"	"100.0"	""	"Alpha"
""	"B.1.1.7"	""	"20210502"	"Japan"	""	"Homo sapiens, male"	"2697049"	"100.0"	""	"Alpha"
""	"B.1.1.7"	""	"20210503"	"Japan"	""	"Homo sapiens, female"	"2697049"	"100.0"	""	"Alpha"
""	"B.1.1.7"	""	"20210510"	"Japan"	""	"Homo sapiens, female"	"2697049"	"100.0"	""	"Alpha"
""	"B.1.1.7"	""	"20210511"	"Japan"	""	"Homo sapiens, female"	"2697049"	"100.0"	""	"Alpha"
""	"B.1.1.7"	""	"20210430"	"Japan"	""	"Homo sapiens, female"	"2697049"	"100.0"	""	"Alpha"
""	"B.1.1.7"	""	"20210501"	"Japan"	""	"Homo sapiens, female"	"2697049"	"100.0"	""	"Alpha"
""	"B.1.1.7"	""	"20210509"	"Japan"	""	"Homo sapiens, male"	"2697049"	"100.0"	""	"Alpha"
""	"B.1.1.7"	""	"20210510"	"Japan"	""	"Homo sapiens, female"	"2697049"	"100.0"	""	"Alpha"
""	"R.1"	""	"20210511"	"Japan"	""	"Homo sapiens, male"	"2697049"	"100.0"	""	""
""	"B.1.1.7"	""	"20210517"	"Japan"	""	"Homo sapiens, female"	"2697049"	"100.0"	""	"Alpha"
""	"R.1"	""	"20210518"	"Japan"	""	"Homo sapiens, female"	"2697049"	"100.0"	""	""
""	"B.1.1.7"	""	"20210602"	"Japan"	""	"Homo sapiens, female"	"2697049"	"100.0"	""	"Alpha"
""	"B.1.1.7"	""	"20210603"	"USA"	""	"Homo sapiens, female"	"2697049"	"100.0"	""	"Alpha"
""	"B.1.1.7"	""	"20210605"	"Japan"	""	"Homo sapiens, male"	"2697049"	"100.0"	""	"Alpha"
""	"B.1.1.7"	""	"20210607"	"USA"	""	"Homo sapiens, male"	"2697049"	"100.0"	""	"Alpha"
""	"B.1.1.7"	""	"20210607"	"Japan"	""	"Homo sapiens, male"	"2697049"	"100.0"	""	"Alpha"
""	"B.1.1.7"	""	"20210606"	"USA"	""	"Homo sapiens, male"	"2697049"	"100.0"	""	"Alpha"
""	"B.1.1.7"	""	"20210603"	"Japan"	""	"Homo sapiens, male"	"2697049"	"100.0"	""	"Alpha"
""	"B.1.1.7"	""	"20210603"	"USA"	""	"Homo sapiens, female"	"2697049"	"100.0"	""	"Alpha"
""	"B.1.1.7"	""	"20210603"	"Japan"	""	"Homo sapiens, female"	"2697049"	"100.0"	""	"Alpha"
""	"B.1.1.7"	""	"20210604"	"Japan"	""	"Homo sapiens, male"	"2697049"	"100.0"	""	"Alpha"
""	"B.1.1.7"	""	"20210604"	"Japan"	""	"Homo sapiens, female"	"2697049"	"100.0"	""	"Alpha"
""	"B.1.1.7"	""	"20210604"	"India"	""	"Homo sapiens, male"	"2697049"	"100.0"	""	"Alpha"
""	"B.1.1.7"	""	"20210607"	"India"	""	"Homo sapiens, male"	"2697049"	"100.0"	""	"Alpha"
""	"B.1.1.7"	""	"20210609"	"India"	""	"Homo sapiens, male"	"2697049"	"100.0"	""	"Alpha"
""	"B.1.1.7"	""	"20210609"	"USA"	""	"Homo sapiens, male"	"2697049"	"100.0"	""	"Alpha"
""	"B.1.1.7"	""	"20210611"	"USA"	""	"Homo sapiens, female"	"2697049"	"100.0"	""	"Alpha"
""	"B.1.1.7"	""	"20210611"	"India"	""	"Homo sapiens, female"	"2697049"	"100.0"	""	"Alpha"
""	"B.1.1.7"	""	"20210612"	"Japan"	""	"Homo sapiens, male"	"2697049"	"100.0"	""	"Alpha"
""	"B.1.1.7"	""	"20210607"	"India"	""	"Homo sapiens, male"	"2697049"	"100.0"	""	"Alpha"
""	"B.1.1.7"	""	"20210607"	"Japan"	""	"Homo sapiens, female"	"2697049"	"100.0"	""	"Alpha"
""	"B.1.1.7"	""	"20210609"	"India"	""	"Homo sapiens, male"	"2697049"	"100.0"	""	"Alpha"
""	"B.1.1.7"	""	"20210609"	"Japan"	""	"Homo sapiens, female"	"2697049"	"100.0"	""	"Alpha"
""	"B.1.1.7"	""	"20210616"	"India"	""	"Homo sapiens, male"	"2697049"	"100.0"	""	"Alpha"
""	"B.1.1.7"	""	"20210614"	"Japan"	""	"Homo sapiens, male"	"2697049"	"100.0"	""	"Alpha"
""	"B.1.1.7"	""	"20210614"	"India"	""	"Homo sapiens, male"	"2697049"	"100.0"	""	"Alpha"
""	"B.1.1.7"	""	"20210613"	"Japan"	""	"Homo sapiens, male"	"2697049"	"100.0"	""	"Alpha"
""	"B.1.1.7"	""	"20210614"	"Japan"	""	"Homo sapiens, male"	"2697049"	"100.0"	""	"Alpha"
""	"B.1.1.7"	""	"20210615"	"Japan"	""	"Homo sapiens, female"	"2697049"	"100.0"	""	"Alpha"
""	"B.1.1.7"	""	"20210615"	"Japan"	""	"Homo sapiens, male"	"2697049"	"100.0"	""	"Alpha"
""	"B.1.1.7"	""	"20210608"	"USA"	""	"Homo sapiens, male"	"2697049"	"100.0"	""	"Alpha"
""	"B.1.1.7"	""	"20210617"	"USA"	""	"Homo sapiens, male"	"2697049"	"100.0"	""	"Alpha"
""	"B.1.1.7"	""	"20210617"	"USA"	""	"Homo sapiens, male"	"2697049"	"100.0"	""	"Alpha"
""	"B.1.1.7"	""	"20210610"	"Japan"	""	"Homo sapiens, male"	"2697049"	"100.0"	""	"Alpha"
""	"B.1.1.7"	""	"20210611"	"Japan"	""	"Homo sapiens, male"	"2697049"	"100.0"	""	"Alpha"
""	"B.1.1.7"	""	"20210614"	"USA"	""	"Homo sapiens, male"	"2697049"	"100.0"	""	"Alpha"
""	"B.1.1.7"	""	"20210614"	"USA"	""	"Homo sapiens, male"	"2697049"	"100.0"	""	"Alpha"
""	"B.1.1.7"	""	"20210614"	"USA"	""	"Homo sapiens, female"	"2697049"	"100.0"	""	"Alpha"
""	"B.1.1.7"	""	"20210614"	"Japan"	""	"Homo sapiens, female"	"2697049"	"100.0"	""	"Alpha"
""	"B.1.1.7"	""	"20210615"	"Japan"	""	"Homo sapiens, male"	"2697049"	"100.0"	""	"Alpha"
""	"B.1.1.7"	""	"20210616"	"USA"	""	"Homo sapiens, female"	"2697049"	"100.0"	""	"Alpha"
""	"B.1.1.7"	""	"20210617"	"USA"	""	"Homo sapiens, male"	"2697049"	"100.0"	""	"Alpha"
""	"B.1.1.7"	""	"20210617"	"Japan"	""	"Homo sapiens, male"	"2697049"	"100.0"	""	"Alpha"
""	"B.1.1.7"	""	"20210621"	"Brazil"	""	"Homo sapiens, male"	"2697049"	"100.0"	""	"Alpha"
""	"B.1.1.7"	""	"20210621"	"Brazil"	""	"Homo sapiens, male"	"2697049"	"100.0"	""	"Alpha"
""	"B.1.1.7"	""	"20210621"	"Japan"	""	"Homo sapiens, male"	"2697049"	"100.0"	""	"Alpha"
""	"B.1.1.7"	""	"20210621"	"Brazil"	""	"Homo sapiens, female"	"2697049"	"100.0"	""	"Alpha"
""	"B.1.1.7"	""	"20210621"	"Brazil"	""	"Homo sapiens, male"	"2697049"	"100.0"	""	"Alpha"
""	"B.1.1.7"	""	"20210618"	"Japan"	""	"Homo sapiens, female"	"2697049"	"100.0"	""	"Alpha"
""	"B.1.1.7"	""	"20210621"	"Brazil"	""	"Homo sapiens, male"	"2697049"	"100.0"	""	"Alpha"
""	"B.1.1.7"	""	"20210623"	"Japan"	""	"Homo sapiens, male"	"2697049"	"100.0"	""	"Alpha"
""	"B.1.1.7"	""	"20210621"	"Brazil"	""	"Homo sapiens, female"	"2697049"	"100.0"	""	"Alpha"
""	"B.1.1.7"	""	"20210621"	"Japan"	""	"Homo sapiens, male"	"2697049"	"100.0"	""	"Alpha"
""	"B.1.1.7"	""	"20210628"	"Brazil"	""	"Homo sapiens, female"	"2697049"	"100.0"	""	"Alpha"
""	"B.1.1.7"	""	"20210628"	"Japan"	""	"Homo sapiens, female"	"2697049"	"100.0"	""	"Alpha"
""	"B.1.1.7"	""	"20210623"	"Japan"	""	"Homo sapiens, male"	"2697049"	"100.0"	""	"Alpha"
""	"B.1.1.7"	""	"20210628"	"Brazil"	""	"Homo sapiens, male"	"2697049"	"100.0"	""	"Alpha"
""	"B.1.1.7"	""	"20210629"	"Japan"	""	"Homo sapiens, female"	"2697049"	"100.0"	""	"Alpha"
""	"B.1.1.7"	""	"20210614"	"Japan"	""	"Homo sapiens, female"	"2697049"	"100.0"	""	"Alpha"
""	"B.1.1.7"	""	"20210614"	"Japan"	""	"Homo sapiens, male"	"2697049"	"100.0"	""	"Alpha"
""	"B.1.1.7"	""	"20210618"	"Japan"	""	"Homo sapiens, male"	"2697049"	"100.0"	""	"Alpha"
""	"B.1.1.7"	""	"20210621"	"Japan"	""	"Homo sapiens, male"	"2697049"	"100.0"	""	"Alpha"
""	"B.1.1.7"	""	"20210623"	"Brazil"	""	"Homo sapiens, male"	"2697049"	"100.0"	""	"Alpha"
""	"B.1.1.7"	""	"20210628"	"Japan"	""	"Homo sapiens, male"	"2697049"	"100.0"	""	"Alpha"
""	"B.1.1.7"	""	"20210628"	"Japan"	""	"Homo sapiens, male"	"2697049"	"100.0"	""	"Alpha"
""	"B.1.1.7"	""	"20210628"	"Japan"	""	"Homo sapiens, female"	"2697049"	"100.0"	""	"Alpha"
""	"B.1.1.7"	""	"20210608"	"Brazil"	""	"Homo sapiens, male"	"2697049"	"100.0"	""	"Alpha"
""	"B.1.1.7"	""	"20210608"	"Japan"	""	"Homo sapiens, male"	"2697049"	"100.0"	""	"Alpha"
""	"B.1.1.7"	""	"20210616"	"Japan"	""	"Homo sapiens, male"	"2697049"	"100.0"	""	"Alpha"
""	"B.1.1.7"	""	"20210621"	"Japan"	""	"Homo sapiens, female"	"2697049"	"100.0"	""	"Alpha"
""	"B.1.1.7"	""	"20210626"	"Japan"	""	"Homo sapiens, male"	"2697049"	"100.0"	""	"Alpha"
""	"B.1.1.7"	""	"20210630"	"Brazil"	""	"Homo sapiens, female"	"2697049"	"100.0"	""	"Alpha"
""	"B.1.1.7"	""	"20210628"	"Brazil"	""	"Homo sapiens, male"	"2697049"	"100.0"	""	"Alpha"
""	"B.1.1.7"	""	"20210701"	"Japan"	""	"Homo sapiens, female"	"2697049"	"100.0"	""	"Alpha"
""	"B.1.1.7"	""	"20210701"	"Japan"	""	"Homo sapiens, female"	"2697049"	"100.0"	""	"Alpha"
""	"B.1.1.7"	""	"20210629"	"Japan"	""	"Homo sapiens, male"	"2697049"	"100.0"	""	"Alpha"
""	"AY.23"	""	"20210705"	"Japan"	""	"Homo sapiens, male"	"2697049"	"100.0"	""	"Delta"
""	"AY.23"	""	"20210706"	"Japan"	""	"Homo sapiens, female"	"2697049"	"100.0"	""	"Delta"
""	"AY.29"	""	"20210702"	"Japan"	""	"Homo sapiens, female"	"2697049"	"100.0"	""	"Delta"
""	"B.1.1.7"	""	"20210624"	"Japan"	""	"Homo sapiens, female"	"2697049"	"100.0"	""	"Alpha"
""	"AY.29"	""	"20210705"	"Japan"	""	"Homo sapiens, female"	"2697049"	"100.0"	""	"Delta"
""	"AY.29"	""	"20210706"	"Japan"	""	"Homo sapiens, male"	"2697049"	"100.0"	""	"Delta"
""	"AY.29"	""	"20210708"	"Japan"	""	"Homo sapiens, male"	"2697049"	"100.0"	""	"Delta"
""	"B.1.1.7"	""	"20210705"	"Japan"	""	"Homo sapiens, male"	"2697049"	"100.0"	""	"Alpha"
""	"B.1.1.7"	""	"20210705"	"Japan"	""	"Homo sapiens, male"	"2697049"	"100.0"	""	"Alpha"
""	"B.1.1.7"	""	"20210705"	"Japan"	""	"Homo sapiens, male"	"2697049"	"100.0"	""	"Alpha"
""	"B.1.1.7"	""	"20210704"	"Japan"	""	"Homo sapiens, male"	"2697049"	"100.0"	""	"Alpha"
""	"B.1.1.7"	""	"20210705"	"Japan"	""	"Homo sapiens, female"	"2697049"	"100.0"	""	"Alpha"
""	"B.1.1.7"	""	"20210701"	"Japan"	""	"Homo sapiens, male"	"2697049"	"100.0"	""	"Alpha"
""	"B.1.1.7"	""	"20210703"	"Japan"	""	"Homo sapiens, male"	"2697049"	"100.0"	""	"Alpha"
""	"B.1.1.7"	""	"20210705"	"Japan"	""	"Homo sapiens, male"	"2697049"	"100.0"	""	"Alpha"
""	"B.1.1.7"	""	"20210705"	"Japan"	""	"Homo sapiens, female"	"2697049"	"100.0"	""	"Alpha"
""	"B.1.1.7"	""	"20210705"	"Japan"	""	"Homo sapiens, female"	"2697049"	"100.0"	""	"Alpha"
""	"B.1.1.7"	""	"20210705"	"Japan"	""	"Homo sapiens, male"	"2697049"	"100.0"	""	"Alpha"
""	"B.1.1.7"	""	"20210706"	"Japan"	""	"Homo sapiens, male"	"2697049"	"100.0"	""	"Alpha"
""	"B.1.1.7"	""	"20210708"	"Japan"	""	"Homo sapiens, female"	"2697049"	"100.0"	""	"Alpha"
""	"B.1.1.7"	""	"20210707"	"Japan"	""	"Homo sapiens, male"	"2697049"	"100.0"	""	"Alpha"
""	"B.1.1.7"	""	"20210707"	"Japan"	""	"Homo sapiens, male"	"2697049"	"100.0"	""	"Alpha"
""	"B.1.1.7"	""	"20210707"	"Japan"	""	"Homo sapiens, female"	"2697049"	"100.0"	""	"Alpha"
""	"B.1.1.7"	""	"20210708"	"Japan"	""	"Homo sapiens, male"	"2697049"	"100.0"	""	"Alpha"
""	"B.1.1.7"	""	"20210708"	"Japan"	""	"Homo sapiens, female"	"2697049"	"100.0"	""	"Alpha"
""	"B.1.1.7"	""	"20210708"	"Japan"	""	"Homo sapiens, female"	"2697049"	"100.0"	""	"Alpha"
""	"B.1.1.7"	""	"20210708"	"Japan"	""	"Homo sapiens, female"	"2697049"	"100.0"	""	"Alpha"
""	"AY.29"	""	"20210709"	"Japan"	""	"Homo sapiens, male"	"2697049"	"100.0"	""	"Delta"
""	"B.1.1.7"	""	"20210705"	"Japan"	""	"Homo sapiens, female"	"2697049"	"100.0"	""	"Alpha"
""	"B.1.1.7"	""	"20210709"	"Japan"	""	"Homo sapiens, male"	"2697049"	"100.0"	""	"Alpha"
""	"B.1.1.7"	""	"20210709"	"Japan"	""	"Homo sapiens, female"	"2697049"	"100.0"	""	"Alpha"
""	"B.1.1.7"	""	"20210712"	"Japan"	""	"Homo sapiens, male"	"2697049"	"100.0"	""	"Alpha"
""	"B.1.1.7"	""	"20210712"	"Japan"	""	"Homo sapiens, male"	"2697049"	"100.0"	""	"Alpha"
""	"B.1.1.7"	""	"20210712"	"Japan"	""	"Homo sapiens, male"	"2697049"	"100.0"	""	"Alpha"
""	"B.1.1.7"	""	"20210712"	"Japan"	""	"Homo sapiens, female"	"2697049"	"100.0"	""	"Alpha"
""	"B.1.1.7"	""	"20210712"	"Japan"	""	"Homo sapiens, male"	"2697049"	"100.0"	""	"Alpha"
""	"B.1.1.7"	""	"20210712"	"Japan"	""	"Homo sapiens, male"	"2697049"	"100.0"	""	"Alpha"
""	"B.1.1.7"	""	"20210712"	"Japan"	""	"Homo sapiens, female"	"2697049"	"100.0"	""	"Alpha"
""	"B.1.1.7"	""	"20210712"	"Japan"	""	"Homo sapiens, female"	"2697049"	"100.0"	""	"Alpha"
""	"B.1.1.7"	""	"20210713"	"Japan"	""	"Homo sapiens, female"	"2697049"	"100.0"	""	"Alpha"
""	"AY.29"	""	"20210705"	"Japan"	""	"Homo sapiens, male"	"2697049"	"100.0"	""	"Delta"
""	"AY.29"	""	"20210714"	"Japan"	""	"Homo sapiens, male"	"2697049"	"100.0"	""	"Delta"
""	"AY.29"	""	"20210714"	"Japan"	""	"Homo sapiens, male"	"2697049"	"100.0"	""	"Delta"
""	"AY.29"	""	"20210714"	"Japan"	""	"Homo sapiens, female"	"2697049"	"100.0"	""	"Delta"
""	"AY.29"	""	"20210714"	"Japan"	""	"Homo sapiens, male"	"2697049"	"100.0"	""	"Delta"
""	"AY.29"	""	"20210715"	"Japan"	""	"Homo sapiens, female"	"2697049"	"100.0"	""	"Delta"
""	"B.1.1.7"	""	"20210706"	"Japan"	""	"Homo sapiens, female"	"2697049"	"100.0"	""	"Alpha"
""	"B.1.1.7"	""	"20210708"	"Japan"	""	"Homo sapiens, male"	"2697049"	"100.0"	""	"Alpha"
""	"B.1.1.7"	""	"20210712"	"Japan"	""	"Homo sapiens, male"	"2697049"	"100.0"	""	"Alpha"
""	"B.1.1.7"	""	"20210707"	"Japan"	""	"Homo sapiens, male"	"2697049"	"100.0"	""	"Alpha"
""	"B.1.1.7"	""	"20210709"	"Japan"	""	"Homo sapiens, female"	"2697049"	"100.0"	""	"Alpha"
""	"B.1.1.7"	""	"20210710"	"Japan"	""	"Homo sapiens, female"	"2697049"	"100.0"	""	"Alpha"
""	"B.1.1.7"	""	"20210714"	"Japan"	""	"Homo sapiens, female"	"2697049"	"100.0"	""	"Alpha"
""	"B.1.1.7"	""	"20210714"	"Japan"	""	"Homo sapiens, female"	"2697049"	"100.0"	""	"Alpha"
""	"B.1.1.7"	""	"20210714"	"Japan"	""	"Homo sapiens, male"	"2697049"	"100.0"	""	"Alpha"
""	"B.1.1.7"	""	"20210714"	"Japan"	""	"Homo sapiens, male"	"2697049"	"100.0"	""	"Alpha"
""	"B.1.1.7"	""	"20210714"	"Japan"	""	"Homo sapiens, male"	"2697049"	"100.0"	""	"Alpha"
""	"B.1.1.7"	""	"20210712"	"Japan"	""	"Homo sapiens, female"	"2697049"	"100.0"	""	"Alpha"
""	"B.1.1.7"	""	"20210713"	"Japan"	""	"Homo sapiens, male"	"2697049"	"100.0"	""	"Alpha"
""	"B.1.1.7"	""	"20210714"	"Japan"	""	"Homo sapiens, male"	"2697049"	"100.0"	""	"Alpha"
""	"B.1.1.7"	""	"20210705"	"China"	""	"Homo sapiens, female"	"2697049"	"100.0"	""	"Alpha"
""	"B.1.1.7"	""	"20210708"	"China"	""	"Homo sapiens, male"	"2697049"	"100.0"	""	"Alpha"
""	"AY.29"	""	"20210711"	"China"	""	"Homo sapiens, female"	"2697049"	"100.0"	""	"Delta"
""	"AY.29"	""	"20210719"	"Japan"	""	"Homo sapiens, female"	"2697049"	"100.0"	""	"Delta"
""	"AY.29"	""	"20210719"	"Japan"	""	"Homo sapiens, female"	"2697049"	"100.0"	""	"Delta"
""	"B.1.1.7"	""	"20210714"	"Japan"	""	"Homo sapiens, male"	"2697049"	"100.0"	""	"Alpha"
""	"AY.29"	""	"20210716"	"Japan"	""	"Homo sapiens, female"	"2697049"	"100.0"	""	"Delta"
""	"AY.29"	""	"20210716"	"Japan"	""	"Homo sapiens, male"	"2697049"	"100.0"	""	"Delta"
""	"AY.29"	""	"20210719"	"Japan"	""	"Homo sapiens, male"	"2697049"	"100.0"	""	"Delta"
""	"BA.1.1.2"	""	"20211228"	"USA"	""	"Homo sapiens, male"	"2697049"	"100.0"	""	"Omicron"
""	"BA.1.1.2"	""	"20211228"	"USA"	""	"Homo sapiens, female"	"2697049"	"100.0"	""	"Omicron"
""	"BA.1.1.2"	""	"20211230"	"Japan"	""	"Homo sapiens, female"	"2697049"	"100.0"	""	"Omicron"
""	"BA.1.1.2"	""	"20211230"	"USA"	""	"Homo sapiens, female"	"2697049"	"100.0"	""	"Omicron"
""	"BA.1.1"	""	"20211231"	"Japan"	""	"Homo sapiens, male"	"2697049"	"100.0"	""	"Omicron"
""	"BA.1.1.2"	""	"20211231"	"Colombia"	""	"Homo sapiens, male"	"2697049"	"100.0"	""	"Omicron"
""	"B.1.1.7"	""	"20210715"	"Colombia"	""	"Homo sapiens, female"	"2697049"	"100.0"	""	"Alpha"
""	"B.1.1.7"	""	"20210715"	"Colombia"	""	"Homo sapiens, male"	"2697049"	"100.0"	""	"Alpha"
""	"B.1.1.7"	""	"20210714"	"Japan"	""	"Homo sapiens, female"	"2697049"	"100.0"	""	"Alpha"
""	"B.1.1.7"	""	"20210717"	"Colombia"	""	"Homo sapiens, male"	"2697049"	"100.0"	""	"Alpha"
""	"B.1.1.7"	""	"20210716"	"Japan"	""	"Homo sapiens, male"	"2697049"	"100.0"	""	"Alpha"
""	"B.1.1.7"	""	"20210719"	"Colombia"	""	"Homo sapiens, male"	"2697049"	"100.0"	""	"Alpha"
""	"B.1.1.7"	""	"20210719"	"Colombia"	""	"Homo sapiens, female"	"2697049"	"100.0"	""	"Alpha"
""	"AY.29"	""	"20210719"	"Japan"	""	"Homo sapiens, female"	"2697049"	"100.0"	""	"Delta"
""	"B.1.1.7"	""	"20210719"	"Japan"	""	"Homo sapiens, female"	"2697049"	"100.0"	""	"Alpha"
""	"AY.29"	""	"20210719"	"Japan"	""	"Homo sapiens, female"	"2697049"	"100.0"	""	"Delta"
""	"AY.29"	""	"20210719"	"Japan"	""	"Homo sapiens, male"	"2697049"	"100.0"	""	"Delta"
""	"B.1.1.7"	""	"20210719"	"Japan"	""	"Homo sapiens, male"	"2697049"	"100.0"	""	"Alpha"
""	"AY.29"	""	"20210719"	"Japan"	""	"Homo sapiens, female"	"2697049"	"100.0"	""	"Delta"
""	"AY.29"	""	"20210720"	"Colombia"	""	"Homo sapiens, male"	"2697049"	"100.0"	""	"Delta"
""	"AY.29"	""	"20210720"	"Japan"	""	"Homo sapiens, male"	"2697049"	"100.0"	""	"Delta"
""	"B.1.1.7"	""	"20210721"	"Japan"	""	"Homo sapiens, female"	"2697049"	"100.0"	""	"Alpha"
""	"B.1.1.7"	""	"20210721"	"Japan"	""	"Homo sapiens, female"	"2697049"	"100.0"	""	"Alpha"
""	"AY.29"	""	"20210721"	"Japan"	""	"Homo sapiens, female"	"2697049"	"100.0"	""	"Delta"
""	"AY.29"	""	"20210721"	"Japan"	""	"Homo sapiens, male"	"2697049"	"100.0"	""	"Delta"
""	"AY.29"	""	"20210721"	"Japan"	""	"Homo sapiens, female"	"2697049"	"100.0"	""	"Delta"
""	"AY.29"	""	"20210721"	"Japan"	""	"Homo sapiens, female"	"2697049"	"100.0"	""	"Delta"
""	"AY.29"	""	"20210721"	"Japan"	""	"Homo sapiens, female"	"2697049"	"100.0"	""	"Delta"
""	"AY.29"	""	"20210721"	"Japan"	""	"Homo sapiens, female"	"2697049"	"100.0"	""	"Delta"
""	"B.1.1.7"	""	"20210722"	"Japan"	""	"Homo sapiens"	"2697049"	"100.0"	""	"Alpha"
""	"B.1.1.7"	""	"20210722"	"Japan"	""	"Homo sapiens"	"2697049"	"100.0"	""	"Alpha"
""	"AY.29"	""	"20210722"	"Japan"	""	"Homo sapiens, male"	"2697049"	"100.0"	""	"Delta"
""	"B.1.1.7"	""	"20210722"	"Japan"	""	"Homo sapiens"	"2697049"	"100.0"	""	"Alpha"
""	"B.1.1.7"	""	"20210723"	"Japan"	""	"Homo sapiens"	"2697049"	"100.0"	""	"Alpha"
""	"AY.29"	""	"20210723"	"Japan"	""	"Homo sapiens, male"	"2697049"	"100.0"	""	"Delta"
""	"B.1.1.7"	""	"20210723"	"Japan"	""	"Homo sapiens"	"2697049"	"100.0"	""	"Alpha"
""	"B.1.1.7"	""	"20210723"	"Japan"	""	"Homo sapiens"	"2697049"	"100.0"	""	"Alpha"
""	"B.1.1.7"	""	"20210724"	"Japan"	""	"Homo sapiens"	"2697049"	"100.0"	""	"Alpha"
""	"B.1.1.7"	""	"20210724"	"Japan"	""	"Homo sapiens"	"2697049"	"100.0"	""	"Alpha"
""	"AY.29"	""	"20210725"	"Japan"	""	"Homo sapiens, female"	"2697049"	"100.0"	""	"Delta"
""	"B.1.1.7"	""	"20210725"	"Japan"	""	"Homo sapiens"	"2697049"	"100.0"	""	"Alpha"
""	"B.1.1.7"	""	"20210725"	"Japan"	""	"Homo sapiens"	"2697049"	"100.0"	""	"Alpha"
""	"AY.29"	""	"20210725"	"Japan"	""	"Homo sapiens, female"	"2697049"	"100.0"	""	"Delta"
""	"AY.29"	""	"20210726"	"Japan"	""	"Homo sapiens, female"	"2697049"	"100.0"	""	"Delta"
""	"B.1.1.7"	""	"20210726"	"Japan"	""	"Homo sapiens, female"	"2697049"	"100.0"	""	"Alpha"
""	"B.1.1.7"	""	"20210725"	"Japan"	""	"Homo sapiens"	"2697049"	"100.0"	""	"Alpha"
""	"AY.29"	""	"20210726"	"Japan"	""	"Homo sapiens, male"	"2697049"	"100.0"	""	"Delta"
""	"AY.29"	""	"20210726"	"Japan"	""	"Homo sapiens, female"	"2697049"	"100.0"	""	"Delta"
""	"AY.29"	""	"20210727"	"Japan"	""	"Homo sapiens, male"	"2697049"	"100.0"	""	"Delta"
""	"B.1.1.7"	""	"20210726"	"Japan"	""	"Homo sapiens"	"2697049"	"100.0"	""	"Alpha"
""	"AY.29"	""	"20210726"	"Japan"	""	"Homo sapiens, male"	"2697049"	"100.0"	""	"Delta"
""	"AY.29"	""	"20210726"	"Japan"	""	"Homo sapiens, male"	"2697049"	"100.0"	""	"Delta"
""	"AY.29"	""	"20210726"	"Japan"	""	"Homo sapiens, female"	"2697049"	"100.0"	""	"Delta"
""	"AY.29"	""	"20210726"	"Japan"	""	"Homo sapiens, female"	"2697049"	"100.0"	""	"Delta"
""	"AY.29"	""	"20210727"	"Japan"	""	"Homo sapiens, male"	"2697049"	"100.0"	""	"Delta"
""	"AY.29"	""	"20210727"	"Japan"	""	"Homo sapiens, male"	"2697049"	"100.0"	""	"Delta"
""	"AY.29"	""	"20210728"	"Japan"	""	"Homo sapiens, male"	"2697049"	"100.0"	""	"Delta"
""	"AY.29"	""	"20210728"	"Japan"	""	"Homo sapiens, male"	"2697049"	"100.0"	""	"Delta"
""	"B.1.1.7"	""	"20210728"	"Japan"	""	"Homo sapiens, male"	"2697049"	"100.0"	""	"Alpha"
""	"AY.29"	""	"20210719"	"Japan"	""	"Homo sapiens, male"	"2697049"	"100.0"	""	"Delta"
""	"AY.29"	""	"20210719"	"Japan"	""	"Homo sapiens, male"	"2697049"	"100.0"	""	"Delta"
""	"AY.75.3"	""	"20210727"	"Japan"	""	"Homo sapiens, male"	"2697049"	"100.0"	""	"Delta"
""	"B.1.1.7"	""	"20210726"	"Japan"	""	"Homo sapiens"	"2697049"	"100.0"	""	"Alpha"
""	"AY.29"	""	"20210729"	"Japan"	""	"Homo sapiens, male"	"2697049"	"100.0"	""	"Delta"
""	"AY.29"	""	"20210728"	"Japan"	""	"Homo sapiens, female"	"2697049"	"100.0"	""	"Delta"
""	"B.1.1.7"	""	"20210727"	"Japan"	""	"Homo sapiens, male"	"2697049"	"100.0"	""	"Alpha"
""	"B.1.1.7"	""	"20210727"	"Japan"	""	"Homo sapiens, male"	"2697049"	"100.0"	""	"Alpha"
""	"AY.29"	""	"20210728"	"Japan"	""	"Homo sapiens, female"	"2697049"	"100.0"	""	"Delta"
""	"B.1.1.7"	""	"20210728"	"Japan"	""	"Homo sapiens, female"	"2697049"	"100.0"	""	"Alpha"
""	"B.1.1.7"	""	"20210728"	"Japan"	""	"Homo sapiens, female"	"2697049"	"100.0"	""	"Alpha"
""	"AY.29"	""	"20210728"	"Japan"	""	"Homo sapiens, male"	"2697049"	"100.0"	""	"Delta"
""	"AY.29"	""	"20210728"	"Japan"	""	"Homo sapiens, female"	"2697049"	"100.0"	""	"Delta"
""	"AY.29"	""	"20210728"	"Japan"	""	"Homo sapiens, male"	"2697049"	"100.0"	""	"Delta"
""	"AY.75.3"	""	"20210728"	"Japan"	""	"Homo sapiens, male"	"2697049"	"100.0"	""	"Delta"
""	"AY.29"	""	"20210728"	"Japan"	""	"Homo sapiens, male"	"2697049"	"100.0"	""	"Delta"
""	"B.1.1.7"	""	"20210728"	"Japan"	""	"Homo sapiens, male"	"2697049"	"100.0"	""	"Alpha"
""	"B.1.1.7"	""	"20210719"	"Japan"	""	"Homo sapiens, female"	"2697049"	"100.0"	""	"Alpha"
""	"B.1.1.7"	""	"20210701"	"Japan"	""	"Homo sapiens, male"	"2697049"	"100.0"	""	"Alpha"
""	"B.1.1.7"	""	"20210701"	"Japan"	""	"Homo sapiens, male"	"2697049"	"100.0"	""	"Alpha"
""	"AY.29"	""	"20210721"	"Japan"	""	"Homo sapiens, female"	"2697049"	"100.0"	""	"Delta"
""	"AY.29"	""	"20210721"	"Japan"	""	"Homo sapiens, male"	"2697049"	"100.0"	""	"Delta"
""	"AY.29"	""	"20210723"	"Japan"	""	"Homo sapiens, male"	"2697049"	"100.0"	""	"Delta"
""	"AY.29"	""	"20210723"	"Japan"	""	"Homo sapiens, female"	"2697049"	"100.0"	""	"Delta"
""	"AY.29"	""	"20210723"	"Japan"	""	"Homo sapiens, female"	"2697049"	"100.0"	""	"Delta"
""	"AY.29"	""	"20210723"	"Japan"	""	"Homo sapiens, female"	"2697049"	"100.0"	""	"Delta"
""	"AY.29"	""	"20210723"	"Japan"	""	"Homo sapiens, male"	"2697049"	"100.0"	""	"Delta"
""	"AY.29"	""	"20210723"	"Japan"	""	"Homo sapiens, female"	"2697049"	"100.0"	""	"Delta"
""	"AY.29"	""	"20210727"	"Japan"	""	"Homo sapiens, male"	"2697049"	"100.0"	""	"Delta"
""	"B.1.1.7"	""	"20210727"	"Japan"	""	"Homo sapiens, male"	"2697049"	"100.0"	""	"Alpha"
""	"AY.29"	""	"20210729"	"Japan"	""	"Homo sapiens, male"	"2697049"	"100.0"	""	"Delta"
""	"B.1.1.7"	""	"20210729"	"Japan"	""	"Homo sapiens, male"	"2697049"	"100.0"	""	"Alpha"
""	"AY.29"	""	"20210730"	"Japan"	""	"Homo sapiens, male"	"2697049"	"100.0"	""	"Delta"
""	"AY.29"	""	"20210730"	"Japan"	""	"Homo sapiens, male"	"2697049"	"100.0"	""	"Delta"
""	"B.1.1.7"	""	"20210730"	"Japan"	""	"Homo sapiens, male"	"2697049"	"100.0"	""	"Alpha"
""	"AY.85"	""	"20211220"	"Japan"	""	"Homo sapiens, male"	"2697049"	"100.0"	""	"Delta"
""	"AY.85"	""	"20211230"	"Japan"	""	"Homo sapiens, female"	"2697049"	"100.0"	""	"Delta"
""	"BA.1.15"	""	"20220104"	"Japan"	""	"Homo sapiens, male"	"2697049"	"100.0"	""	"Omicron"
""	"BA.1.1.2"	""	"20220104"	"Japan"	""	"Homo sapiens, male"	"2697049"	"100.0"	""	"Omicron"
""	"B.1.1.7"	""	"20210719"	"Japan"	""	"Homo sapiens, male"	"2697049"	"100.0"	""	"Alpha"
""	"B.1.1.7"	""	"20210719"	"Japan"	""	"Homo sapiens, male"	"2697049"	"100.0"	""	"Alpha"
""	"B.1.1.7"	""	"20210719"	"Japan"	""	"Homo sapiens, male"	"2697049"	"100.0"	""	"Alpha"
""	"B.1.1.7"	""	"20210720"	"Japan"	""	"Homo sapiens, male"	"2697049"	"100.0"	""	"Alpha"
""	"B.1.1.7"	""	"20210720"	"Japan"	""	"Homo sapiens, male"	"2697049"	"100.0"	""	"Alpha"
""	"B.1.1.7"	""	"20210720"	"Japan"	""	"Homo sapiens, male"	"2697049"	"100.0"	""	"Alpha"
""	"B.1.1.7"	""	"20210721"	"Japan"	""	"Homo sapiens, female"	"2697049"	"100.0"	""	"Alpha"
""	"B.1.1.7"	""	"20210721"	"Japan"	""	"Homo sapiens, female"	"2697049"	"100.0"	""	"Alpha"
""	"B.1.1.7"	""	"20210721"	"Japan"	""	"Homo sapiens, male"	"2697049"	"100.0"	""	"Alpha"
""	"B.1.1.7"	""	"20210721"	"Japan"	""	"Homo sapiens, female"	"2697049"	"100.0"	""	"Alpha"
""	"B.1.1.7"	""	"20210722"	"South Africa"	""	"Homo sapiens, male"	"2697049"	"100.0"	""	"Alpha"
""	"B.1.1.7"	""	"20210722"	"Japan"	""	"Homo sapiens, female"	"2697049"	"100.0"	""	"Alpha"
""	"B.1.1.7"	""	"20210723"	"Japan"	""	"Homo sapiens, female"	"2697049"	"100.0"	""	"Alpha"
""	"B.1.1.7"	""	"20210724"	"France"	""	"Homo sapiens, female"	"2697049"	"100.0"	""	"Alpha"
""	"B.1.1.7"	""	"20210725"	"France"	""	"Homo sapiens, male"	"2697049"	"100.0"	""	"Alpha"
""	"B.1.1.7"	""	"20210725"	"France"	""	"Homo sapiens, female"	"2697049"	"100.0"	""	"Alpha"
""	"B.1.1.7"	""	"20210725"	"Japan"	""	"Homo sapiens, female"	"2697049"	"100.0"	""	"Alpha"
""	"B.1.1.7"	""	"20210725"	"Japan"	""	"Homo sapiens, female"	"2697049"	"100.0"	""	"Alpha"
""	"B.1.1.7"	""	"20210726"	"France"	""	"Homo sapiens, female"	"2697049"	"100.0"	""	"Alpha"
""	"B.1.1.7"	""	"20210726"	"Japan"	""	"Homo sapiens, female"	"2697049"	"100.0"	""	"Alpha"
""	"B.1.1.7"	""	"20210726"	"France"	""	"Homo sapiens, male"	"2697049"	"100.0"	""	"Alpha"
""	"B.1.1.7"	""	"20210726"	"Japan"	""	"Homo sapiens, female"	"2697049"	"100.0"	""	"Alpha"
""	"B.1.1.7"	""	"20210726"	"France"	""	"Homo sapiens, female"	"2697049"	"100.0"	""	"Alpha"
""	"B.1.1.7"	""	"20210728"	"Japan"	""	"Homo sapiens, female"	"2697049"	"100.0"	""	"Alpha"
""	"B.1.1.7"	""	"20210727"	"France"	""	"Homo sapiens, male"	"2697049"	"100.0"	""	"Alpha"
""	"B.1.1.7"	""	"20210727"	"Japan"	""	"Homo sapiens, male"	"2697049"	"100.0"	""	"Alpha"
""	"B.1.1.7"	""	"20210728"	"France"	""	"Homo sapiens, female"	"2697049"	"100.0"	""	"Alpha"
""	"B.1.1.7"	""	"20210728"	"Japan"	""	"Homo sapiens, male"	"2697049"	"100.0"	""	"Alpha"
""	"AY.29"	""	"20210728"	"Japan"	""	"Homo sapiens, female"	"2697049"	"100.0"	""	"Delta"
""	"B.1.1.7"	""	"20210730"	"Japan"	""	"Homo sapiens, male"	"2697049"	"100.0"	""	"Alpha"
""	"AY.29"	""	"20210729"	"Japan"	""	"Homo sapiens, male"	"2697049"	"100.0"	""	"Delta"
""	"B.1.1.7"	""	"20210729"	"China"	""	"Homo sapiens, female"	"2697049"	"100.0"	""	"Alpha"
""	"B.1.1.7"	""	"20210729"	"China"	""	"Homo sapiens, male"	"2697049"	"100.0"	""	"Alpha"
""	"AY.29"	""	"20210802"	"China"	""	"Homo sapiens, female"	"2697049"	"100.0"	""	"Delta"
""	"AY.29"	""	"20210802"	"China"	""	"Homo sapiens, female"	"2697049"	"100.0"	""	"Delta"
""	"AY.29"	""	"20210802"	"Colombia"	""	"Homo sapiens, male"	"2697049"	"100.0"	""	"Delta"
""	"AY.29"	""	"20210802"	"Colombia"	""	"Homo sapiens, male"	"2697049"	"100.0"	""	"Delta"
""	"AY.29"	""	"20210729"	"Colombia"	""	"Homo sapiens, male"	"2697049"	"100.0"	""	"Delta"
""	"AY.29"	""	"20210729"	"Japan"	""	"Homo sapiens, female"	"2697049"	"100.0"	""	"Delta"
""	"AY.29"	""	"20210729"	"Japan"	""	"Homo sapiens, female"	"2697049"	"100.0"	""	"Delta"
""	"B.1.1.7"	""	"20210729"	"Japan"	""	"Homo sapiens, female"	"2697049"	"100.0"	""	"Alpha"
""	"AY.29"	""	"20210729"	"Japan"	""	"Homo sapiens, male"	"2697049"	"100.0"	""	"Delta"
""	"AY.29"	""	"20210730"	"Japan"	""	"Homo sapiens, female"	"2697049"	"100.0"	""	"Delta"
""	"AY.29"	""	"20210730"	"Japan"	""	"Homo sapiens, female"	"2697049"	"100.0"	""	"Delta"
""	"AY.29"	""	"20210730"	"Japan"	""	"Homo sapiens, female"	"2697049"	"100.0"	""	"Delta"
""	"AY.29"	""	"20210730"	"Japan"	""	"Homo sapiens, male"	"2697049"	"100.0"	""	"Delta"
""	"AY.29"	""	"20210730"	"Japan"	""	"Homo sapiens, female"	"2697049"	"100.0"	""	"Delta"
""	"AY.29"	""	"20210730"	"Japan"	""	"Homo sapiens, female"	"2697049"	"100.0"	""	"Delta"
""	"B.1.1.7"	""	"20210730"	"Japan"	""	"Homo sapiens, female"	"2697049"	"100.0"	""	"Alpha"
""	"AY.29"	""	"20210730"	"Japan"	""	"Homo sapiens, female"	"2697049"	"100.0"	""	"Delta"
""	"AY.29"	""	"20210730"	"Japan"	""	"Homo sapiens, female"	"2697049"	"100.0"	""	"Delta"
""	"AY.29"	""	"20210730"	"Japan"	""	"Homo sapiens, female"	"2697049"	"100.0"	""	"Delta"
""	"AY.29"	""	"20210730"	"Japan"	""	"Homo sapiens, male"	"2697049"	"100.0"	""	"Delta"
""	"AY.29"	""	"20210730"	"Japan"	""	"Homo sapiens, male"	"2697049"	"100.0"	""	"Delta"
""	"AY.29"	""	"20210730"	"Japan"	""	"Homo sapiens, male"	"2697049"	"100.0"	""	"Delta"
""	"AY.29"	""	"20210730"	"Japan"	""	"Homo sapiens, female"	"2697049"	"100.0"	""	"Delta"
""	"AY.29"	""	"20210801"	"Japan"	""	"Homo sapiens, female"	"2697049"	"100.0"	""	"Delta"
""	"AY.29"	""	"20210801"	"Japan"	""	"Homo sapiens, female"	"2697049"	"100.0"	""	"Delta"
""	"AY.29"	""	"20210801"	"Japan"	""	"Homo sapiens, male"	"2697049"	"100.0"	""	"Delta"
""	"B.1.1.7"	""	"20210801"	"Japan"	""	"Homo sapiens, male"	"2697049"	"100.0"	""	"Alpha"
""	"AY.29"	""	"20210801"	"Japan"	""	"Homo sapiens, male"	"2697049"	"100.0"	""	"Delta"
""	"AY.29"	""	"20210801"	"United Kingdom"	""	"Homo sapiens, female"	"2697049"	"100.0"	""	"Delta"
""	"AY.29"	""	"20210801"	"United Kingdom"	""	"Homo sapiens, male"	"2697049"	"100.0"	""	"Delta"
""	"B.1.1.7"	""	"20210801"	"United Kingdom"	""	"Homo sapiens, female"	"2697049"	"100.0"	""	"Alpha"
""	"AY.29"	""	"20210801"	"United Kingdom"	""	"Homo sapiens, female"	"2697049"	"100.0"	""	"Delta"
""	"AY.29"	""	"20210801"	"Japan"	""	"Homo sapiens, female"	"2697049"	"100.0"	""	"Delta"
""	"AY.29"	""	"20210801"	"Japan"	""	"Homo sapiens, female"	"2697049"	"100.0"	""	"Delta"
""	"AY.29"	""	"20210801"	"Japan"	""	"Homo sapiens, male"	"2697049"	"100.0"	""	"Delta"
""	"AY.29"	""	"20210802"	"Japan"	""	"Homo sapiens, female"	"2697049"	"100.0"	""	"Delta"
""	"AY.29"	""	"20210802"	"Japan"	""	"Homo sapiens, female"	"2697049"	"100.0"	""	"Delta"
""	"B.1.1.7"	""	"20210802"	"Japan"	""	"Homo sapiens, male"	"2697049"	"100.0"	""	"Alpha"
""	"AY.29"	""	"20210802"	"Japan"	""	"Homo sapiens, male"	"2697049"	"100.0"	""	"Delta"
""	"AY.29"	""	"20210802"	"Japan"	""	"Homo sapiens, male"	"2697049"	"100.0"	""	"Delta"
""	"AY.29"	""	"20210802"	"Japan"	""	"Homo sapiens, female"	"2697049"	"100.0"	""	"Delta"
""	"AY.29"	""	"20210802"	"Japan"	""	"Homo sapiens, male"	"2697049"	"100.0"	""	"Delta"
""	"AY.29"	""	"20210802"	"Japan"	""	"Homo sapiens, female"	"2697049"	"100.0"	""	"Delta"
""	"AY.29"	""	"20210802"	"Japan"	""	"Homo sapiens, male"	"2697049"	"100.0"	""	"Delta"
""	"B.1.1.7"	""	"20210802"	"Japan"	""	"Homo sapiens, male"	"2697049"	"100.0"	""	"Alpha"
""	"B.1.1.7"	""	"20210802"	"Japan"	""	"Homo sapiens, male"	"2697049"	"100.0"	""	"Alpha"
""	"B.1.1.7"	""	"20210802"	"Japan"	""	"Homo sapiens, male"	"2697049"	"100.0"	""	"Alpha"
""	"AY.29"	""	"20210802"	"Japan"	""	"Homo sapiens, male"	"2697049"	"100.0"	""	"Delta"
""	"AY.29"	""	"20210802"	"Japan"	""	"Homo sapiens, female"	"2697049"	"100.0"	""	"Delta"
""	"AY.29"	""	"20210802"	"Japan"	""	"Homo sapiens, male"	"2697049"	"100.0"	""	"Delta"
""	"AY.29"	""	"20210801"	"Japan"	""	"Homo sapiens, male"	"2697049"	"100.0"	""	"Delta"
""	"AY.29.1"	""	"20210801"	"Japan"	""	"Homo sapiens, male"	"2697049"	"100.0"	""	"Delta"
""	"AY.29"	""	"20210801"	"Japan"	""	"Homo sapiens, female"	"2697049"	"100.0"	""	"Delta"
""	"AY.29"	""	"20210801"	"Japan"	""	"Homo sapiens, male"	"2697049"	"100.0"	""	"Delta"
""	"B.1.1.7"	""	"20210802"	"Japan"	""	"Homo sapiens, female"	"2697049"	"100.0"	""	"Alpha"
""	"AY.29"	""	"20210803"	"Japan"	""	"Homo sapiens, male"	"2697049"	"100.0"	""	"Delta"
""	"AY.29.1"	""	"20210803"	"Japan"	""	"Homo sapiens, female"	"2697049"	"100.0"	""	"Delta"
""	"B.1.1.7"	""	"20210803"	"Japan"	""	"Homo sapiens, female"	"2697049"	"100.0"	""	"Alpha"
""	"AY.29"	""	"20210802"	"Japan"	""	"Homo sapiens, male"	"2697049"	"100.0"	""	"Delta"
""	"AY.29"	""	"20210802"	"Japan"	""	"Homo sapiens, male"	"2697049"	"100.0"	""	"Delta"
""	"AY.29"	""	"20210804"	"Japan"	""	"Homo sapiens, male"	"2697049"	"100.0"	""	"Delta"
""	"AY.29"	""	"20210804"	"Japan"	""	"Homo sapiens, female"	"2697049"	"100.0"	""	"Delta"
""	"AY.29"	""	"20210804"	"Japan"	""	"Homo sapiens, female"	"2697049"	"100.0"	""	"Delta"
""	"AY.29"	""	"20210726"	"Japan"	""	"Homo sapiens, male"	"2697049"	"100.0"	""	"Delta"
""	"AY.29"	""	"20210727"	"Japan"	""	"Homo sapiens, female"	"2697049"	"100.0"	""	"Delta"
""	"AY.29"	""	"20210803"	"Japan"	""	"Homo sapiens, female"	"2697049"	"100.0"	""	"Delta"
""	"AY.29"	""	"20210804"	"Japan"	""	"Homo sapiens, male"	"2697049"	"100.0"	""	"Delta"
""	"AY.29"	""	"20210804"	"Japan"	""	"Homo sapiens, male"	"2697049"	"100.0"	""	"Delta"
""	"AY.29"	""	"20210804"	"Japan"	""	"Homo sapiens, female"	"2697049"	"100.0"	""	"Delta"
""	"AY.29"	""	"20210802"	"Japan"	""	"Homo sapiens, female"	"2697049"	"100.0"	""	"Delta"
""	"AY.29"	""	"20210803"	"Japan"	""	"Homo sapiens, male"	"2697049"	"100.0"	""	"Delta"
""	"AY.29"	""	"20210803"	"Japan"	""	"Homo sapiens, female"	"2697049"	"100.0"	""	"Delta"
""	"B.1.1.7"	""	"20210803"	"Japan"	""	"Homo sapiens, female"	"2697049"	"100.0"	""	"Alpha"
""	"AY.29"	""	"20210803"	"Japan"	""	"Homo sapiens, male"	"2697049"	"100.0"	""	"Delta"
""	"AY.29"	""	"20210803"	"Japan"	""	"Homo sapiens, male"	"2697049"	"100.0"	""	"Delta"
""	"AY.29"	""	"20210803"	"Japan"	""	"Homo sapiens, male"	"2697049"	"100.0"	""	"Delta"
""	"B.1.1.7"	""	"20210803"	"Japan"	""	"Homo sapiens, male"	"2697049"	"100.0"	""	"Alpha"
""	"AY.29"	""	"20210804"	"Japan"	""	"Homo sapiens, male"	"2697049"	"100.0"	""	"Delta"
""	"AY.29"	""	"20210804"	"Japan"	""	"Homo sapiens, female"	"2697049"	"100.0"	""	"Delta"
""	"AY.29"	""	"20210804"	"Japan"	""	"Homo sapiens, male"	"2697049"	"100.0"	""	"Delta"
""	"AY.29"	""	"20210804"	"Japan"	""	"Homo sapiens, female"	"2697049"	"100.0"	""	"Delta"
""	"AY.29"	""	"20210804"	"Japan"	""	"Homo sapiens, female"	"2697049"	"100.0"	""	"Delta"
""	"AY.29"	""	"20210101"	"Japan"	""	"Homo sapiens, male"	"2697049"	"100.0"	""	"Delta"
""	"AY.29"	""	"20210101"	"Japan"	""	"Homo sapiens, male"	"2697049"	"100.0"	""	"Delta"
""	"AY.29"	""	"20210729"	"Japan"	""	"Homo sapiens, female"	"2697049"	"100.0"	""	"Delta"
""	"AY.29"	""	"20210802"	"Japan"	""	"Homo sapiens, male"	"2697049"	"100.0"	""	"Delta"
""	"AY.29"	""	"20210729"	"Japan"	""	"Homo sapiens, female"	"2697049"	"100.0"	""	"Delta"
""	"AY.29"	""	"20210730"	"Japan"	""	"Homo sapiens, female"	"2697049"	"100.0"	""	"Delta"
""	"AY.29"	""	"20210805"	"Japan"	""	"Homo sapiens, male"	"2697049"	"100.0"	""	"Delta"
""	"AY.29"	""	"20210805"	"Japan"	""	"Homo sapiens, male"	"2697049"	"100.0"	""	"Delta"
""	"AY.29"	""	"20210805"	"Japan"	""	"Homo sapiens, female"	"2697049"	"100.0"	""	"Delta"
""	"AY.29"	""	"20210804"	"Japan"	""	"Homo sapiens, male"	"2697049"	"100.0"	""	"Delta"
""	"AY.29"	""	"20210805"	"Japan"	""	"Homo sapiens, male"	"2697049"	"100.0"	""	"Delta"
""	"B.1.1.7"	""	"20210805"	"Japan"	""	"Homo sapiens, male"	"2697049"	"100.0"	""	"Alpha"
""	"AY.29"	""	"20210805"	"Japan"	""	"Homo sapiens, female"	"2697049"	"100.0"	""	"Delta"
""	"AY.29"	""	"20210805"	"Japan"	""	"Homo sapiens, male"	"2697049"	"100.0"	""	"Delta"
""	"B.1.1.7"	""	"20210804"	"Japan"	""	"Homo sapiens, male"	"2697049"	"100.0"	""	"Alpha"
""	"AY.29"	""	"20210809"	"Japan"	""	"Homo sapiens, female"	"2697049"	"100.0"	""	"Delta"
""	"AY.29"	""	"20210809"	"Japan"	""	"Homo sapiens, female"	"2697049"	"100.0"	""	"Delta"
""	"AY.29"	""	"20210809"	"Japan"	""	"Homo sapiens, male"	"2697049"	"100.0"	""	"Delta"
""	"AY.29"	""	"20210809"	"Japan"	""	"Homo sapiens, female"	"2697049"	"100.0"	""	"Delta"
""	"AY.29"	""	"20210809"	"Japan"	""	"Homo sapiens, male"	"2697049"	"100.0"	""	"Delta"
""	"AY.29"	""	"20210809"	"Japan"	""	"Homo sapiens, male"	"2697049"	"100.0"	""	"Delta"
""	"B.1.1.7"	""	"20210809"	"Japan"	""	"Homo sapiens, male"	"2697049"	"100.0"	""	"Alpha"
""	"B.1.1.7"	""	"20210809"	"Japan"	""	"Homo sapiens, male"	"2697049"	"100.0"	""	"Alpha"
""	"B.1.1.7"	""	"20210806"	"Japan"	""	"Homo sapiens, male"	"2697049"	"100.0"	""	"Alpha"
""	"AY.29"	""	"20210806"	"Japan"	""	"Homo sapiens, male"	"2697049"	"100.0"	""	"Delta"
""	"AY.29"	""	"20210808"	"Japan"	""	"Homo sapiens, female"	"2697049"	"100.0"	""	"Delta"
""	"B.1.1.7"	""	"20210808"	"Japan"	""	"Homo sapiens, female"	"2697049"	"100.0"	""	"Alpha"
""	"AY.29"	""	"20210807"	"Japan"	""	"Homo sapiens, male"	"2697049"	"100.0"	""	"Delta"
""	"AY.29"	""	"20210808"	"Japan"	""	"Homo sapiens, female"	"2697049"	"100.0"	""	"Delta"
""	"AY.29"	""	"20210808"	"Japan"	""	"Homo sapiens, female"	"2697049"	"100.0"	""	"Delta"
""	"AY.29"	""	"20210808"	"United Kingdom"	""	"Homo sapiens, female"	"2697049"	"100.0"	""	"Delta"
""	"AY.29"	""	"20210809"	"United Kingdom"	""	"Homo sapiens, male"	"2697049"	"100.0"	""	"Delta"
""	"AY.34.1.1"	""	"20210809"	"Japan"	""	"Homo sapiens, male"	"2697049"	"100.0"	""	"Delta"
""	"AY.29"	""	"20210807"	"Japan"	""	"Homo sapiens"	"2697049"	"100.0"	""	"Delta"
""	"AY.29"	""	"20210809"	"Japan"	""	"Homo sapiens, female"	"2697049"	"100.0"	""	"Delta"
""	"AY.29"	""	"20210810"	"Japan"	""	"Homo sapiens, female"	"2697049"	"100.0"	""	"Delta"
""	"AY.29"	""	"20210810"	"Japan"	""	"Homo sapiens, male"	"2697049"	"100.0"	""	"Delta"
""	"AY.29"	""	"20210802"	"Japan"	""	"Homo sapiens, male"	"2697049"	"100.0"	""	"Delta"
""	"AY.29"	""	"20210801"	"Japan"	""	"Homo sapiens, male"	"2697049"	"100.0"	""	"Delta"
""	"AY.29"	""	"20210804"	"Japan"	""	"Homo sapiens, male"	"2697049"	"100.0"	""	"Delta"
""	"AY.29"	""	"20210803"	"Japan"	""	"Homo sapiens, male"	"2697049"	"100.0"	""	"Delta"
""	"AY.29"	""	"20210803"	"Japan"	""	"Homo sapiens, male"	"2697049"	"100.0"	""	"Delta"
""	"B.1.1.7"	""	"20210804"	"Japan"	""	"Homo sapiens, male"	"2697049"	"100.0"	""	"Alpha"
""	"B.1.1.7"	""	"20210804"	"Japan"	""	"Homo sapiens, female"	"2697049"	"100.0"	""	"Alpha"
""	"AY.29"	""	"20210804"	"Japan"	""	"Homo sapiens, male"	"2697049"	"100.0"	""	"Delta"
""	"AY.29"	""	"20210804"	"Japan"	""	"Homo sapiens, female"	"2697049"	"100.0"	""	"Delta"
""	"AY.29"	""	"20210805"	"Japan"	""	"Homo sapiens, male"	"2697049"	"100.0"	""	"Delta"
""	"AY.29"	""	"20210805"	"Japan"	""	"Homo sapiens, female"	"2697049"	"100.0"	""	"Delta"
""	"AY.29"	""	"20210806"	"Japan"	""	"Homo sapiens, male"	"2697049"	"100.0"	""	"Delta"
""	"AY.29"	""	"20210806"	"Japan"	""	"Homo sapiens, female"	"2697049"	"100.0"	""	"Delta"
""	"AY.29"	""	"20210806"	"Japan"	""	"Homo sapiens, male"	"2697049"	"100.0"	""	"Delta"
""	"AY.29"	""	"20210806"	"Japan"	""	"Homo sapiens, male"	"2697049"	"100.0"	""	"Delta"
""	"AY.29"	""	"20210808"	"Japan"	""	"Homo sapiens, male"	"2697049"	"100.0"	""	"Delta"
""	"AY.29.1"	""	"20210808"	"Japan"	""	"Homo sapiens, male"	"2697049"	"100.0"	""	"Delta"
""	"AY.29"	""	"20210808"	"Japan"	""	"Homo sapiens, male"	"2697049"	"100.0"	""	"Delta"
""	"AY.29"	""	"20210808"	"Japan"	""	"Homo sapiens, female"	"2697049"	"100.0"	""	"Delta"
""	"AY.29"	""	"20210808"	"Japan"	""	"Homo sapiens, female"	"2697049"	"100.0"	""	"Delta"
""	"AY.29"	""	"20210808"	"Japan"	""	"Homo sapiens, male"	"2697049"	"100.0"	""	"Delta"
""	"AY.29"	""	"20210808"	"Japan"	""	"Homo sapiens, male"	"2697049"	"100.0"	""	"Delta"
""	"AY.29"	""	"20210808"	"Japan"	""	"Homo sapiens, male"	"2697049"	"100.0"	""	"Delta"
""	"AY.29"	""	"20210808"	"Japan"	""	"Homo sapiens, male"	"2697049"	"100.0"	""	"Delta"
""	"AY.29"	""	"20210808"	"Japan"	""	"Homo sapiens, male"	"2697049"	"100.0"	""	"Delta"
""	"AY.29"	""	"20210808"	"Japan"	""	"Homo sapiens, male"	"2697049"	"100.0"	""	"Delta"
""	"AY.29"	""	"20210808"	"South Africa"	""	"Homo sapiens, female"	"2697049"	"100.0"	""	"Delta"
""	"AY.29"	""	"20210808"	"Japan"	""	"Homo sapiens, male"	"2697049"	"100.0"	""	"Delta"
""	"AY.29"	""	"20210810"	"South Africa"	""	"Homo sapiens, male"	"2697049"	"100.0"	""	"Delta"
""	"AY.29"	""	"20210810"	"Japan"	""	"Homo sapiens, female"	"2697049"	"100.0"	""	"Delta"
""	"AY.29"	""	"20210810"	"Colombia"	""	"Homo sapiens, female"	"2697049"	"100.0"	""	"Delta"
""	"AY.29"	""	"20210810"	"Colombia"	""	"Homo sapiens, female"	"2697049"	"100.0"	""	"Delta"
""	"AY.29"	""	"20210810"	"South Africa"	""	"Homo sapiens, male"	"2697049"	"100.0"	""	"Delta"
""	"AY.29"	""	"20210811"	"South Africa"	""	"Homo sapiens, female"	"2697049"	"100.0"	""	"Delta"
""	"AY.29"	""	"20210811"	"Colombia"	""	"Homo sapiens, male"	"2697049"	"100.0"	""	"Delta"
""	"AY.29"	""	"20210811"	"Japan"	""	"Homo sapiens, female"	"2697049"	"100.0"	""	"Delta"
""	"AY.29"	""	"20210811"	"Japan"	""	"Homo sapiens, male"	"2697049"	"100.0"	""	"Delta"
""	"AY.29"	""	"20210811"	"Japan"	""	"Homo sapiens, female"	"2697049"	"100.0"	""	"Delta"
""	"AY.29"	""	"20210811"	"Japan"	""	"Homo sapiens, female"	"2697049"	"100.0"	""	"Delta"
""	"AY.29"	""	"20210810"	"Japan"	""	"Homo sapiens, female"	"2697049"	"100.0"	""	"Delta"
""	"AY.29"	""	"20210810"	"United Kingdom"	""	"Homo sapiens, female"	"2697049"	"100.0"	""	"Delta"
""	"AY.29"	""	"20210810"	"United Kingdom"	""	"Homo sapiens, female"	"2697049"	"100.0"	""	"Delta"
